CNPJ_Companhia;Data_Referencia;Versao;ID_Documento;Nome_Companhia;ID_Capital_Social;Tipo_Capital;Data_Autorizacao_Aprovacao;Valor_Capital;Prazo_Integralizacao;Quantidade_Acoes_Ordinarias;Quantidade_Acoes_Preferenciais;Quantidade_Total_Acoes
00.000.000/0001-91;2026-12-31;1;158239;BCO BRASIL S.A.;352417;Capital Emitido;2023-04-27;120000000000.00;;5730834040;0;5730834040
00.000.000/0001-91;2026-12-31;1;158239;BCO BRASIL S.A.;352418;Capital Subscrito;2023-04-27;120000000000.00;;5730834040;0;5730834040
00.000.000/0001-91;2026-12-31;1;158239;BCO BRASIL S.A.;352419;Capital Integralizado;2023-04-27;120000000000.00;;5730834040;0;5730834040
00.000.000/0001-91;2026-12-31;1;158239;BCO BRASIL S.A.;352420;Capital Autorizado;2026-04-29;150000000000.00;;0;0;0
00.001.180/0001-26;2026-12-31;1;158151;AXIA ENERGIA S.A.;352203;Capital Emitido;2025-12-08;100135201429.75;Não Aplicável;2028544286;886884431;2915428717
00.001.180/0001-26;2026-12-31;1;158151;AXIA ENERGIA S.A.;352204;Capital Subscrito;2025-12-19;100135201429.75;Não aplicável.;2028544286;886884431;2915428717
00.001.180/0001-26;2026-12-31;1;158151;AXIA ENERGIA S.A.;352205;Capital Integralizado;2025-12-19;100135201429.75;Não aplicável.;2028544286;886884431;2915428717
00.001.180/0001-26;2026-12-31;1;158151;AXIA ENERGIA S.A.;352206;Capital Autorizado;2025-12-19;29864798570.25;;0;0;0
00.070.698/0001-11;2026-12-31;1;158323;COMPANHIA ENERGÉTICA DE BRASÍLIA - CEB;352590;Capital Integralizado;2021-10-14;566025355.62;;35920890;36161025;72081915
00.080.671/0001-00;2026-12-31;1;158227;CARAMURU ALIMENTOS S.A.;352398;Capital Emitido;2026-04-28;2533230215.64;Não aplicável;24444000;0;24444000
00.080.671/0001-00;2026-12-31;1;158227;CARAMURU ALIMENTOS S.A.;352399;Capital Subscrito;2026-04-28;2533230215.64;Não aplicável;24444000;0;24444000
00.080.671/0001-00;2026-12-31;1;158227;CARAMURU ALIMENTOS S.A.;352400;Capital Integralizado;2026-04-28;2533230215.64;Não aplicável;24444000;0;24444000
00.194.724/0001-13;2026-12-31;1;158464;AUREN OPERAÇÕES S.A.;352952;Capital Autorizado;2021-05-13;4600000000.00;;0;0;0
00.194.724/0001-13;2026-12-31;1;158464;AUREN OPERAÇÕES S.A.;352953;Capital Emitido;2026-03-30;3083775052.66;;2992234499;0;2992234499
00.194.724/0001-13;2026-12-31;1;158464;AUREN OPERAÇÕES S.A.;352954;Capital Subscrito;2026-03-30;3083775052.66;;2992234499;0;2992234499
00.194.724/0001-13;2026-12-31;1;158464;AUREN OPERAÇÕES S.A.;352955;Capital Integralizado;2026-03-30;3083775052.66;;2992234499;0;2992234499
00.336.701/0001-04;2026-12-31;1;158134;TELEC BRASILEIRAS S.A. TELEBRAS;352186;Capital Integralizado;2025-09-25;3719535704.96;;83575912;18407491;101983403
00.336.701/0001-04;2026-12-31;1;158134;TELEC BRASILEIRAS S.A. TELEBRAS;352187;Capital Subscrito;2025-09-25;3719535704.96;;83575912;18407491;101983403
00.357.038/0001-16;2026-12-31;1;158152;AXIA ENERGIA NORTE S.A.;352207;Capital Emitido;2023-10-31;20336183860.17;Não Aplicável;168044751;0;168044751
00.357.038/0001-16;2026-12-31;1;158152;AXIA ENERGIA NORTE S.A.;352208;Capital Subscrito;2023-10-31;20336183860.17;Não Aplicável;168044751;0;168044751
00.357.038/0001-16;2026-12-31;1;158152;AXIA ENERGIA NORTE S.A.;352209;Capital Integralizado;2023-10-31;20336183860.17;Não Aplicável;168044751;0;168044751
00.383.281/0001-09;2026-12-31;1;158097;BNDES PARTICIPACOES S.A. - BNDESPAR;352070;Capital Autorizado;2018-06-29;100000000000.00;;0;0;0
00.383.281/0001-09;2026-12-31;1;158097;BNDES PARTICIPACOES S.A. - BNDESPAR;352071;Capital Emitido;2025-05-28;46998318477.17;;1000000;0;1000000
00.383.281/0001-09;2026-12-31;1;158097;BNDES PARTICIPACOES S.A. - BNDESPAR;352072;Capital Subscrito;2025-05-28;46998318477.17;;1000000;0;1000000
00.383.281/0001-09;2026-12-31;1;158097;BNDES PARTICIPACOES S.A. - BNDESPAR;352073;Capital Integralizado;2025-05-28;46998318477.17;;1000000;0;1000000
00.644.907/0001-93;2026-12-31;1;158101;INVESTCO S.A.;352085;Capital Subscrito;2009-04-07;961793701.46;;402202308;384203962;786406270
00.644.907/0001-93;2026-12-31;1;158101;INVESTCO S.A.;352086;Capital Integralizado;2009-04-07;961793701.46;;402202308;384203962;786406270
00.644.907/0001-93;2026-12-31;1;158101;INVESTCO S.A.;352087;Capital Emitido;2009-04-07;961793701.46;;402202308;384203962;786406270
00.743.065/0001-27;2026-12-31;1;156808;LITEL PARTICIPACOES S.A.;350197;Capital Emitido;2019-09-09;21844245.97;;215495403;0;215495403
00.743.065/0001-27;2026-12-31;1;156808;LITEL PARTICIPACOES S.A.;350198;Capital Subscrito;2019-09-09;21844245.97;;215495403;0;215495403
00.743.065/0001-27;2026-12-31;1;156808;LITEL PARTICIPACOES S.A.;350199;Capital Integralizado;2019-09-09;21844245.97;;215495403;0;215495403
00.743.065/0001-27;2026-12-31;1;156808;LITEL PARTICIPACOES S.A.;350200;Capital Autorizado;1995-07-27;0.00;;600000000;0;600000000
00.776.574/0001-56;2026-12-31;1;158617;AMERICANAS S.A. - EM RECUPERAÇÃO JUDICIAL;353358;Capital Emitido;2026-05-13;39918282260.10;13/05/2026;200245278;0;200245278
00.776.574/0001-56;2026-12-31;1;158617;AMERICANAS S.A. - EM RECUPERAÇÃO JUDICIAL;353359;Capital Subscrito;2026-05-13;39918282260.10;13/05/2026;200245278;0;200245278
00.776.574/0001-56;2026-12-31;1;158617;AMERICANAS S.A. - EM RECUPERAÇÃO JUDICIAL;353360;Capital Integralizado;2026-05-13;39918282260.10;13/05/2026;200245278;0;200245278
00.776.574/0001-56;2026-12-31;1;158617;AMERICANAS S.A. - EM RECUPERAÇÃO JUDICIAL;353361;Capital Autorizado;2024-05-21;0.00;21/05/2024;435084497;0;435084497
00.864.214/0001-06;2026-12-31;1;158483;ENERGISA S.A.;353017;Capital Autorizado;2026-04-29;0.00;N/A;1200000000;2400000000;3600000000
00.864.214/0001-06;2026-12-31;1;158483;ENERGISA S.A.;353018;Capital Emitido;2025-11-19;10876550480.12;N/A;975954372;1542412758;2518367130
00.864.214/0001-06;2026-12-31;1;158483;ENERGISA S.A.;353019;Capital Subscrito;2025-11-19;10876550480.12;N/A;975954372;1542412758;2518367130
00.864.214/0001-06;2026-12-31;1;158483;ENERGISA S.A.;353020;Capital Integralizado;2025-11-19;10876550480.12;N/A;975954372;1542412758;2518367130
00.873.894/0001-24;2026-12-31;1;158224;LETS RENT A CAR S/A;352391;Capital Emitido;2023-09-30;578986461.00;N/A;578986461;0;578986461
00.873.894/0001-24;2026-12-31;1;158224;LETS RENT A CAR S/A;352392;Capital Subscrito;2023-09-30;578986461.00;N/A;578986461;0;578986461
00.873.894/0001-24;2026-12-31;1;158224;LETS RENT A CAR S/A;352393;Capital Integralizado;2023-09-30;578986461.00;N/A;578986461;0;578986461
00.897.864/0001-58;2026-12-31;1;157971;SANTA CATARINA PART INVEST SA;351866;Capital Autorizado;1995-11-13;200000000.00;;200000;0;200000
00.938.574/0001-05;2026-12-31;1;158347;CONC RIO-TERESOPOLIS S.A.;352667;Capital Subscrito;2026-04-30;57899999.89;;48786;37680;86466
00.938.574/0001-05;2026-12-31;1;158347;CONC RIO-TERESOPOLIS S.A.;352668;Capital Integralizado;2026-04-30;57899999.89;;48786;37680;86466
00.979.969/0001-56;2026-12-31;1;156398;CAIXA ADM DIV PUB ESTADUAL SA;349381;Capital Subscrito;2025-04-16;1210200000.00;;4069715169;0;4069715169
00.979.969/0001-56;2026-12-31;1;156398;CAIXA ADM DIV PUB ESTADUAL SA;349382;Capital Integralizado;2025-04-16;1210200000.00;;4069715169;0;4069715169
01.027.058/0001-91;2026-12-31;1;158334;CIELO S.A. -  INSTITUIÇÃO DE PAGAMENTO;352636;Capital Emitido;2024-11-12;5700000000.00;;2668174120;0;2668174120
01.027.058/0001-91;2026-12-31;1;158334;CIELO S.A. -  INSTITUIÇÃO DE PAGAMENTO;352637;Capital Subscrito;2024-11-12;5700000000.00;;2668174120;0;2668174120
01.027.058/0001-91;2026-12-31;1;158334;CIELO S.A. -  INSTITUIÇÃO DE PAGAMENTO;352638;Capital Integralizado;2024-11-12;5700000000.00;;2668174120;0;2668174120
01.027.058/0001-91;2026-12-31;1;158334;CIELO S.A. -  INSTITUIÇÃO DE PAGAMENTO;352639;Capital Autorizado;2011-04-29;263834773.86;;2400000000;0;2400000000
01.083.200/0001-18;2026-12-31;1;157805;NEOENERGIA S.A.;351502;Capital Emitido;2026-05-18;21621460671.55;;1215410788;0;1215410788
01.083.200/0001-18;2026-12-31;1;157805;NEOENERGIA S.A.;351503;Capital Subscrito;2026-05-18;21621460671.55;;1215410788;0;1215410788
01.083.200/0001-18;2026-12-31;1;157805;NEOENERGIA S.A.;351504;Capital Integralizado;2026-05-18;21621460671.55;;1215410788;0;1215410788
01.319.044/0001-41;2026-12-31;1;158085;WTC AMAZONAS SUITE HOTEL S.A.;352054;Capital Integralizado;1996-06-01;50000.00;;100;0;100
01.417.222/0001-77;2026-12-31;1;158065;MRS LOGISTICA S.A.;352011;Capital Emitido;2025-04-30;4760878809.86;;187210201;150766818;337977019
01.417.222/0001-77;2026-12-31;1;158065;MRS LOGISTICA S.A.;352012;Capital Autorizado;2025-04-30;239121190.14;;0;0;0
01.417.222/0001-77;2026-12-31;1;158065;MRS LOGISTICA S.A.;352013;Capital Integralizado;2025-04-30;4760878809.86;;187210201;150766818;337977019
01.417.222/0001-77;2026-12-31;1;158065;MRS LOGISTICA S.A.;352014;Capital Subscrito;2025-04-30;4760878809.86;;187210201;150766818;337977019
01.545.826/0001-07;2026-12-31;1;158511;GAFISA S.A.;353085;Capital Emitido;2026-01-15;2214959161.81;n/a;24515924;0;24515924
01.545.826/0001-07;2026-12-31;1;158511;GAFISA S.A.;353086;Capital Autorizado;2025-06-02;0.00;N/A;5484076;0;5484076
01.545.826/0001-07;2026-12-31;1;158511;GAFISA S.A.;353087;Capital Subscrito;2026-01-15;2214959161.81;n/a;24515924;0;24515924
01.545.826/0001-07;2026-12-31;1;158511;GAFISA S.A.;353088;Capital Integralizado;2026-01-15;2214959161.81;n/a;24515924;0;24515924
01.548.981/0001-79;2026-12-31;1;158038;INVESTIMENTOS BEMGE S.A.;351967;Capital Emitido;2015-04-30;123144439.42;n/a;792124;1571812;2363936
01.548.981/0001-79;2026-12-31;1;158038;INVESTIMENTOS BEMGE S.A.;351968;Capital Integralizado;2015-04-30;123144439.42;n/a;792124;1571812;2363936
01.548.981/0001-79;2026-12-31;1;158038;INVESTIMENTOS BEMGE S.A.;351969;Capital Subscrito;2015-04-30;123144439.42;n/a;792124;1571812;2363936
01.616.929/0001-02;2026-12-31;1;158210;SANEAMENTO DE GOIAS SA;352353;Capital Emitido;2020-01-30;2515546367.76;;1866906374;648639993;2515546367
01.616.929/0001-02;2026-12-31;1;158210;SANEAMENTO DE GOIAS SA;352354;Capital Subscrito;2020-01-30;2515546367.76;;1866906374;648639993;2515546367
01.616.929/0001-02;2026-12-31;1;158210;SANEAMENTO DE GOIAS SA;352355;Capital Integralizado;2020-01-30;2515546367.76;;1866906374;648639993;2515546367
01.616.929/0001-02;2026-12-31;1;158210;SANEAMENTO DE GOIAS SA;352356;Capital Autorizado;2014-06-04;3125000000.00;;2500000000;625000000;3125000000
01.637.895/0001-32;2026-12-31;1;158342;VOTORANTIM CIMENTOS S.A.;352648;Capital Emitido;2026-04-30;7709529976.01;;9225692924;300571428;9526264352
01.637.895/0001-32;2026-12-31;1;158342;VOTORANTIM CIMENTOS S.A.;352649;Capital Subscrito;2026-04-30;7709529976.01;;9225692924;300571428;9526264352
01.637.895/0001-32;2026-12-31;1;158342;VOTORANTIM CIMENTOS S.A.;352650;Capital Integralizado;2026-04-30;7709529976.01;;9225692924;300571428;9526264352
01.637.895/0001-32;2026-12-31;1;158342;VOTORANTIM CIMENTOS S.A.;352651;Capital Autorizado;2013-04-30;12000000000.00;;0;0;0
01.851.771/0001-55;2026-12-31;1;158270;524 PARTICIPACOES S.A.;352486;Capital Subscrito;2026-02-20;1415904.66;2 dias;289505351;0;289505351
01.851.771/0001-55;2026-12-31;1;158270;524 PARTICIPACOES S.A.;352487;Capital Integralizado;2026-02-20;1415904.66;2 dias;289505351;0;289505351
01.851.771/0001-55;2026-12-31;1;158270;524 PARTICIPACOES S.A.;352488;Capital Emitido;2026-02-20;1415904.66;2 dias;289505351;0;289505351
01.896.779/0001-38;2026-12-31;1;158311;CSU DIGITAL S.A.;352567;Capital Emitido;2025-12-16;279231849.61;;41800000;0;41800000
01.896.779/0001-38;2026-12-31;1;158311;CSU DIGITAL S.A.;352568;Capital Subscrito;2025-12-16;279231849.61;;41800000;0;41800000
01.896.779/0001-38;2026-12-31;1;158311;CSU DIGITAL S.A.;352569;Capital Integralizado;2025-12-16;279231849.61;;41800000;0;41800000
01.896.779/0001-38;2026-12-31;1;158311;CSU DIGITAL S.A.;352570;Capital Autorizado;2023-05-04;1000000000.00;;0;0;0
01.989.044/0001-59;2026-12-31;1;158089;WTC RIO EMPREEND. E PARTICIPAÇÕES S.A.;352059;Capital Integralizado;1997-06-16;50000.00;;1000;0;1000
02.016.440/0001-62;2026-12-31;1;158063;RGE SUL DISTRIBUIDORA DE ENERGIA S.A.;352004;Capital Emitido;2026-04-23;2885818747.98;Não aplicável;1125427;0;1125427
02.016.440/0001-62;2026-12-31;1;158063;RGE SUL DISTRIBUIDORA DE ENERGIA S.A.;352005;Capital Subscrito;2026-04-23;2885818747.98;Não aplicável;1125427;0;1125427
02.016.440/0001-62;2026-12-31;1;158063;RGE SUL DISTRIBUIDORA DE ENERGIA S.A.;352006;Capital Integralizado;2026-04-23;2885818747.98;Não aplicável;1125427;0;1125427
02.016.440/0001-62;2026-12-31;1;158063;RGE SUL DISTRIBUIDORA DE ENERGIA S.A.;352007;Capital Autorizado;2026-04-23;0.00;Não aplicável;1125427;0;1125427
02.016.507/0001-69;2026-12-31;1;158154;AXIA ENERGIA SUL S.A.;352213;Capital Emitido;2023-10-31;7067586256.05;Não Aplicável;499362292202;0;499362292202
02.016.507/0001-69;2026-12-31;1;158154;AXIA ENERGIA SUL S.A.;352214;Capital Subscrito;2023-10-31;7067586256.05;Não Aplicável;499362292202;0;499362292202
02.016.507/0001-69;2026-12-31;1;158154;AXIA ENERGIA SUL S.A.;352215;Capital Integralizado;2023-10-31;7067586256.05;Não Aplicável;499362292202;0;499362292202
02.062.747/0001-08;2026-12-31;1;158277;SUDESTE S.A.;352505;Capital Emitido;2026-01-09;98987621.78;09/01/2026;7530483602362;0;7530483602362
02.062.747/0001-08;2026-12-31;1;158277;SUDESTE S.A.;352506;Capital Integralizado;2026-01-09;98987621.78;09/01/2026;7530483602362;0;7530483602362
02.062.747/0001-08;2026-12-31;1;158277;SUDESTE S.A.;352507;Capital Subscrito;2026-01-09;98987621.78;09/01/2026;7530483602362;0;7530483602362
02.149.205/0001-69;2026-12-31;1;158504;PORTO SEGURO S.A.;353065;Capital Emitido;2021-10-20;8500000000.00;N/A;646586060;0;646586060
02.149.205/0001-69;2026-12-31;1;158504;PORTO SEGURO S.A.;353066;Capital Subscrito;2021-10-20;8500000000.00;N/A;646586060;0;646586060
02.149.205/0001-69;2026-12-31;1;158504;PORTO SEGURO S.A.;353067;Capital Integralizado;2021-10-20;8500000000.00;N/A;646586060;0;646586060
02.149.205/0001-69;2026-12-31;1;158504;PORTO SEGURO S.A.;353068;Capital Autorizado;2021-10-20;0.00;N/A;108279858;0;108279858
02.171.304/0001-47;2026-12-31;2;157236;FGR INCORPORAÇÕES S.A.;350902;Capital Autorizado;2026-03-03;200000000.00;;0;0;0
02.171.304/0001-47;2026-12-31;2;157236;FGR INCORPORAÇÕES S.A.;350903;Capital Subscrito;2025-12-30;820000000.00;;8385516;0;8385516
02.171.304/0001-47;2026-12-31;2;157236;FGR INCORPORAÇÕES S.A.;350904;Capital Emitido;2025-12-30;820000000.00;;8385516;0;8385516
02.171.304/0001-47;2026-12-31;2;157236;FGR INCORPORAÇÕES S.A.;350905;Capital Integralizado;2025-12-30;820000000.00;;8385516;0;8385516
02.193.750/0001-52;2026-12-31;1;158600;DEXXOS PARTICIPAÇÕES S.A.;353309;Capital Integralizado;2025-12-10;519204036.31;26/12/2025;116481187;6493280;122974467
02.193.750/0001-52;2026-12-31;1;158600;DEXXOS PARTICIPAÇÕES S.A.;353310;Capital Emitido;2025-12-10;519204036.31;26/12/2025;116481187;6493280;122974467
02.193.750/0001-52;2026-12-31;1;158600;DEXXOS PARTICIPAÇÕES S.A.;353311;Capital Subscrito;2025-12-10;519204036.31;26/12/2025;116481187;6493280;122974467
02.201.787/0001-85;2026-12-31;1;157518;CEL PARTICIPAÇÕES S.A. - CELPAR;351114;Capital Subscrito;1997-09-10;2609030.00;10/09/1997;2609000;30;2609030
02.255.187/0001-08;2026-12-31;1;158452;UNIFIQUE TELECOMUNICAÇÕES S.A.;352913;Capital Emitido;2025-12-29;1111973380.01;;399086646;0;399086646
02.255.187/0001-08;2026-12-31;1;158452;UNIFIQUE TELECOMUNICAÇÕES S.A.;352914;Capital Subscrito;2025-12-29;1111973380.01;;399086646;0;399086646
02.255.187/0001-08;2026-12-31;1;158452;UNIFIQUE TELECOMUNICAÇÕES S.A.;352915;Capital Integralizado;2025-12-29;1111973380.01;;399086646;0;399086646
02.255.187/0001-08;2026-12-31;1;158452;UNIFIQUE TELECOMUNICAÇÕES S.A.;352916;Capital Autorizado;2021-08-23;0.00;;180000000;0;180000000
02.258.422/0001-97;2026-12-31;1;158268;INEPAR EQUIPAMENTOS E MONTAGENS S/A - EM RECUPERACAO JUDICIA;352481;Capital Integralizado;2004-08-31;191422963.24;;246385991;66034745;312420736
02.281.836/0001-37;2026-12-31;1;158243;TRANSNORDESTINA LOGISTICA SA;352426;Capital Integralizado;2025-10-17;9856699535.22;;114582750;89751232;204333982
02.286.479/0001-08;2026-12-31;1;158486;LOCALIZA FLEET S.A.;353021;Capital Emitido;2024-12-31;3705955120.69;;637869842;0;637869842
02.286.479/0001-08;2026-12-31;1;158486;LOCALIZA FLEET S.A.;353022;Capital Integralizado;2024-12-31;3705955120.69;;637869842;0;637869842
02.286.479/0001-08;2026-12-31;1;158486;LOCALIZA FLEET S.A.;353023;Capital Subscrito;2024-12-31;3705955120.69;;637869842;0;637869842
02.291.077/0001-93;2026-12-31;1;157140;PRODUTORES ENERGET.DE MANSO S.A.- PROMAN;350735;Capital Integralizado;1997-12-10;1100000.00;;100000;0;100000
02.302.100/0001-06;2026-12-31;1;158103;EDP SÃO PAULO DISTRIBUIÇÃO DE ENERGIA S.A.;352091;Capital Emitido;2015-12-29;596669107.23;;39091735037;0;39091735037
02.302.100/0001-06;2026-12-31;1;158103;EDP SÃO PAULO DISTRIBUIÇÃO DE ENERGIA S.A.;352092;Capital Subscrito;2015-12-29;596669107.23;;39091735037;0;39091735037
02.302.100/0001-06;2026-12-31;1;158103;EDP SÃO PAULO DISTRIBUIÇÃO DE ENERGIA S.A.;352093;Capital Integralizado;2015-12-29;596669107.23;;39091735037;0;39091735037
02.328.280/0001-97;2026-12-31;1;157809;ELEKTRO REDES S.A.;351517;Capital Emitido;2008-03-31;952491950.00;;91880972;101878293;193759265
02.328.280/0001-97;2026-12-31;1;157809;ELEKTRO REDES S.A.;351518;Capital Subscrito;2008-03-31;952491950.00;;91880972;101878293;193759265
02.328.280/0001-97;2026-12-31;1;157809;ELEKTRO REDES S.A.;351519;Capital Integralizado;2008-03-31;952491950.00;;91880972;101878293;193759265
02.328.280/0001-97;2026-12-31;1;157809;ELEKTRO REDES S.A.;351520;Capital Autorizado;2008-03-31;2000000000.00;;91880972;101878293;193759265
02.338.534/0001-58;2026-12-31;1;158331;LONGDIS S.A.;352624;Capital Emitido;2026-04-30;7068231.90;Não aplicável;11508544;0;11508544
02.338.534/0001-58;2026-12-31;1;158331;LONGDIS S.A.;352625;Capital Integralizado;2026-04-30;7068231.90;Não aplicável;11508544;0;11508544
02.338.534/0001-58;2026-12-31;1;158331;LONGDIS S.A.;352626;Capital Subscrito;2026-04-30;7068231.90;Não aplicável;11508544;0;11508544
02.338.534/0001-58;2026-12-31;1;158331;LONGDIS S.A.;352627;Capital Autorizado;2009-08-27;9992931768.10;Não aplicável;0;0;0
02.351.144/0001-18;2026-12-31;1;158329;TEGMA GESTAO LOGISTICA S.A.;352617;Capital Emitido;2026-04-09;460000000.00;;66002915;0;66002915
02.351.144/0001-18;2026-12-31;1;158329;TEGMA GESTAO LOGISTICA S.A.;352618;Capital Subscrito;2026-04-09;460000000.00;;66002915;0;66002915
02.351.144/0001-18;2026-12-31;1;158329;TEGMA GESTAO LOGISTICA S.A.;352619;Capital Integralizado;2026-04-09;460000000.00;;66002915;0;66002915
02.351.144/0001-18;2026-12-31;1;158329;TEGMA GESTAO LOGISTICA S.A.;352620;Capital Autorizado;2026-04-09;300000000.00;;66002915;0;66002915
02.351.877/0001-52;2026-12-31;1;158378;LWSA S/A;352723;Capital Autorizado;2021-01-26;5000000000.00;N/A;0;0;0
02.351.877/0001-52;2026-12-31;1;158378;LWSA S/A;352724;Capital Subscrito;2026-02-06;2406076931.86;N/A;568561350;0;568561350
02.351.877/0001-52;2026-12-31;1;158378;LWSA S/A;352725;Capital Integralizado;2026-02-06;2406076931.86;N/A;568561350;0;568561350
02.351.877/0001-52;2026-12-31;1;158378;LWSA S/A;352726;Capital Emitido;2026-02-06;2406076931.86;N/A;568561350;0;568561350
02.357.251/0001-53;2026-12-31;1;158190;LIFEMED INDUSTRIAL DE EQUIP. E ART. MEDICOS E HOSP. S.A;352286;Capital Emitido;2018-03-15;73435885.26;180 dias contados de 15/03/18;2576438;0;2576438
02.357.251/0001-53;2026-12-31;1;158190;LIFEMED INDUSTRIAL DE EQUIP. E ART. MEDICOS E HOSP. S.A;352287;Capital Subscrito;2018-03-15;73435885.26;180 dias contados de 15/03/18;2576438;0;2576438
02.357.251/0001-53;2026-12-31;1;158190;LIFEMED INDUSTRIAL DE EQUIP. E ART. MEDICOS E HOSP. S.A;352288;Capital Integralizado;2018-03-15;73435885.26;;2576438;0;2576438
02.365.069/0001-44;2026-12-31;1;158147;PADTEC HOLDING S.A.;352195;Capital Autorizado;2021-03-31;0.00;-;135000000;0;135000000
02.365.069/0001-44;2026-12-31;1;158147;PADTEC HOLDING S.A.;352196;Capital Emitido;2024-04-10;138441637.70;-;79469626;0;79469626
02.365.069/0001-44;2026-12-31;1;158147;PADTEC HOLDING S.A.;352197;Capital Subscrito;2024-04-10;138441637.70;-;79469626;0;79469626
02.365.069/0001-44;2026-12-31;1;158147;PADTEC HOLDING S.A.;352198;Capital Integralizado;2024-04-10;138441637.70;-;79469626;0;79469626
02.382.073/0001-10;2026-12-31;1;158566;PROLAGOS S/A - CONC.DE SERVICOS PÚBLICOS DE ÁGUA E ESGOTO;353211;Capital Emitido;2021-02-10;376353295.59;N/A;342985643;0;342985643
02.382.073/0001-10;2026-12-31;1;158566;PROLAGOS S/A - CONC.DE SERVICOS PÚBLICOS DE ÁGUA E ESGOTO;353212;Capital Subscrito;2021-02-10;376353295.59;N/A;342985643;0;342985643
02.382.073/0001-10;2026-12-31;1;158566;PROLAGOS S/A - CONC.DE SERVICOS PÚBLICOS DE ÁGUA E ESGOTO;353213;Capital Integralizado;2021-02-10;376353295.59;N/A;342985643;0;342985643
02.387.241/0001-60;2026-12-31;1;158542;RUMO S.A.;353153;Capital Emitido;2025-06-27;12579725503.52;;1858685773;0;1858685773
02.387.241/0001-60;2026-12-31;1;158542;RUMO S.A.;353154;Capital Integralizado;2025-06-27;12579725503.52;;1858685773;0;1858685773
02.387.241/0001-60;2026-12-31;1;158542;RUMO S.A.;353155;Capital Autorizado;2025-06-27;3500000000.00;;0;0;0
02.387.241/0001-60;2026-12-31;1;158542;RUMO S.A.;353156;Capital Subscrito;2025-06-27;12579725503.52;;1858685773;0;1858685773
02.421.421/0001-11;2026-12-31;1;158517;TIM S.A.;353204;Capital Emitido;1998-02-11;13477890507.55;Indeterminado;2392125889;0;2392125889
02.429.144/0001-93;2026-12-31;1;158086;CPFL ENERGIA S.A.;352055;Capital Emitido;2019-06-27;9435625759.75;Não aplicável;1152254440;0;1152254440
02.429.144/0001-93;2026-12-31;1;158086;CPFL ENERGIA S.A.;352056;Capital Subscrito;2019-06-27;9435625759.75;Não aplicável;1152254440;0;1152254440
02.429.144/0001-93;2026-12-31;1;158086;CPFL ENERGIA S.A.;352057;Capital Integralizado;2006-04-28;9435625759.75;Não aplicável;1152254440;0;1152254440
02.429.144/0001-93;2026-12-31;1;158086;CPFL ENERGIA S.A.;352058;Capital Autorizado;2021-04-30;0.00;Não aplicável;365660306;0;365660306
02.451.848/0001-62;2026-12-31;1;158473;CONC SIST ANHANG-BANDEIRANT S.A. AUTOBAN;352987;Capital Emitido;2010-04-30;246750000.00;30/04/2010;175000000;0;175000000
02.451.848/0001-62;2026-12-31;1;158473;CONC SIST ANHANG-BANDEIRANT S.A. AUTOBAN;352988;Capital Subscrito;2010-04-30;246750000.00;30/04/2010;175000000;0;175000000
02.451.848/0001-62;2026-12-31;1;158473;CONC SIST ANHANG-BANDEIRANT S.A. AUTOBAN;352989;Capital Integralizado;2010-04-30;246750000.00;30/04/2010;175000000;0;175000000
02.474.103/0001-19;2026-12-31;2;157683;ENGIE BRASIL ENERGIA S.A.;351223;Capital Emitido;2025-11-05;6863706794.52;Não aplicável;1142298836;0;1142298836
02.474.103/0001-19;2026-12-31;2;157683;ENGIE BRASIL ENERGIA S.A.;351224;Capital Subscrito;2025-11-05;6863706794.52;Não aplicável;1142298836;0;1142298836
02.474.103/0001-19;2026-12-31;2;157683;ENGIE BRASIL ENERGIA S.A.;351225;Capital Integralizado;2025-11-05;6863706794.52;Não aplicável;1142298836;0;1142298836
02.474.103/0001-19;2026-12-31;2;157683;ENGIE BRASIL ENERGIA S.A.;351226;Capital Autorizado;2025-12-19;18136293205.48;Não aplicável;0;0;0
02.509.491/0001-26;2026-12-31;1;158114;CONC ECOVIAS IMIGRANTES S.A.;352121;Capital Autorizado;2003-03-28;0.00;;52965000;0;52965000
02.509.491/0001-26;2026-12-31;1;158114;CONC ECOVIAS IMIGRANTES S.A.;352122;Capital Emitido;2001-12-20;314051870.00;;270386120;0;270386120
02.509.491/0001-26;2026-12-31;1;158114;CONC ECOVIAS IMIGRANTES S.A.;352123;Capital Subscrito;2001-12-20;314051870.00;;270386120;0;270386120
02.509.491/0001-26;2026-12-31;1;158114;CONC ECOVIAS IMIGRANTES S.A.;352124;Capital Integralizado;2001-12-20;302547396.60;;262452000;0;262452000
02.558.157/0001-62;2026-12-31;1;158380;TELEFÔNICA BRASIL S.A;352731;Capital Emitido;2026-03-12;56071415865.09;Não se aplica;3226546622;0;3226546622
02.558.157/0001-62;2026-12-31;1;158380;TELEFÔNICA BRASIL S.A;352732;Capital Subscrito;2026-03-12;56071415865.09;Não se aplica;3226546622;0;3226546622
02.558.157/0001-62;2026-12-31;1;158380;TELEFÔNICA BRASIL S.A;352733;Capital Integralizado;2026-03-12;56071415865.09;Não se aplica;3226546622;0;3226546622
02.558.157/0001-62;2026-12-31;1;158380;TELEFÔNICA BRASIL S.A;352734;Capital Autorizado;2014-11-06;0.00;;1850000000;0;1850000000
02.600.854/0001-34;2026-12-31;1;158520;TIM BRASIL SERVIÇOS E PARTICIPAÇÕES S.A.;353103;Capital Integralizado;2022-03-23;8227356500.00;;15865086849;0;15865086849
02.635.522/0001-95;2026-03-31;6;155944;JALLES MACHADO S.A.;348382;Capital Autorizado;2021-02-01;0.00;N/A;88912227;0;88912227
02.635.522/0001-95;2026-03-31;6;155944;JALLES MACHADO S.A.;348383;Capital Emitido;2025-12-12;1492562767.24;N/A;303541864;0;303541864
02.635.522/0001-95;2026-03-31;6;155944;JALLES MACHADO S.A.;348384;Capital Integralizado;2025-12-12;1492562767.24;N/A;303541864;0;303541864
02.635.522/0001-95;2026-03-31;6;155944;JALLES MACHADO S.A.;348385;Capital Subscrito;2025-12-12;1492562767.24;N/A;303541864;0;303541864
02.762.121/0001-04;2026-12-31;1;158040;SANTOS BRASIL PARTICIPACOES S.A.;351973;Capital Emitido;2026-04-23;329268164.03;23/04/2026;851018069;0;851018069
02.762.121/0001-04;2026-12-31;1;158040;SANTOS BRASIL PARTICIPACOES S.A.;351974;Capital Subscrito;2026-04-23;329268164.03;23/04/2026;851018069;0;851018069
02.762.121/0001-04;2026-12-31;1;158040;SANTOS BRASIL PARTICIPACOES S.A.;351975;Capital Integralizado;2026-04-23;329268164.03;23/04/2026;851018069;0;851018069
02.762.121/0001-04;2026-12-31;1;158040;SANTOS BRASIL PARTICIPACOES S.A.;351976;Capital Autorizado;2026-04-23;0.00;;0;0;0
02.762.124/0001-30;2026-12-31;1;158271;BETAPART PARTICIPACOES S.A.;352489;Capital Emitido;2014-04-28;726202.62;;2761620;0;2761620
02.762.124/0001-30;2026-12-31;1;158271;BETAPART PARTICIPACOES S.A.;352490;Capital Subscrito;2014-04-28;726202.62;;2761620;0;2761620
02.762.124/0001-30;2026-12-31;1;158271;BETAPART PARTICIPACOES S.A.;352491;Capital Integralizado;2014-04-28;726202.62;;2761620;0;2761620
02.796.775/0001-40;2026-12-31;1;158273;GAMA PARTICIPACOES S.A.;352495;Capital Emitido;2015-04-27;1320950.34;;1935716;0;1935716
02.796.775/0001-40;2026-12-31;1;158273;GAMA PARTICIPACOES S.A.;352496;Capital Subscrito;2015-04-27;1320950.34;;1935716;0;1935716
02.796.775/0001-40;2026-12-31;1;158273;GAMA PARTICIPACOES S.A.;352497;Capital Integralizado;2015-04-27;1320950.34;;1935716;0;1935716
02.846.056/0001-97;2026-12-31;1;158441;MOTIVA INFRAESTRUTURA DE MOBILIDADE S.A.;352882;Capital Autorizado;2020-01-10;0.00;;1010000000;0;1010000000
02.846.056/0001-97;2026-12-31;1;158441;MOTIVA INFRAESTRUTURA DE MOBILIDADE S.A.;352883;Capital Emitido;2017-02-09;6126100230.54;;2020000000;0;2020000000
02.846.056/0001-97;2026-12-31;1;158441;MOTIVA INFRAESTRUTURA DE MOBILIDADE S.A.;352884;Capital Subscrito;2017-02-09;6126100230.54;;2020000000;0;2020000000
02.846.056/0001-97;2026-12-31;1;158441;MOTIVA INFRAESTRUTURA DE MOBILIDADE S.A.;352885;Capital Integralizado;2017-02-09;6126100230.54;;2020000000;0;2020000000
02.919.555/0001-67;2026-12-31;2;157887;ARTERIS S.A.;351713;Capital Emitido;2021-09-21;5353847554.67;;760338899;0;760338899
02.919.555/0001-67;2026-12-31;2;157887;ARTERIS S.A.;351714;Capital Subscrito;2021-09-21;5353847554.67;;760338899;0;760338899
02.919.555/0001-67;2026-12-31;2;157887;ARTERIS S.A.;351715;Capital Integralizado;2021-09-21;5353847554.67;;760338899;0;760338899
02.932.074/0001-91;2026-12-31;1;158593;HYPERA S.A.;353288;Capital Autorizado;2024-04-23;714807896.05;;0;0;0
02.932.074/0001-91;2026-12-31;1;158593;HYPERA S.A.;353289;Capital Emitido;2026-03-31;11205885789.56;;704009059;0;704009059
02.932.074/0001-91;2026-12-31;1;158593;HYPERA S.A.;353290;Capital Integralizado;2026-03-31;11205885789.56;;704009059;0;704009059
02.932.074/0001-91;2026-12-31;1;158593;HYPERA S.A.;353291;Capital Subscrito;2026-03-31;11205885789.56;;704009059;0;704009059
02.950.811/0001-89;2026-12-31;1;158530;PDG REALTY S.A. EMPREEND E PARTICIPACOES;353124;Capital Autorizado;2025-08-07;8222218907.56;;0;0;0
02.950.811/0001-89;2026-12-31;1;158530;PDG REALTY S.A. EMPREEND E PARTICIPACOES;353125;Capital Integralizado;2025-08-07;6972815988.92;;3287486;0;3287486
02.950.811/0001-89;2026-12-31;1;158530;PDG REALTY S.A. EMPREEND E PARTICIPACOES;353126;Capital Subscrito;2025-08-07;6972815988.92;;3287486;0;3287486
02.950.811/0001-89;2026-12-31;1;158530;PDG REALTY S.A. EMPREEND E PARTICIPACOES;353127;Capital Emitido;2025-08-07;6972815988.92;;3287486;0;3287486
02.992.449/0001-09;2026-12-31;1;158275;PROMPT PARTICIPACOES S.A.;352502;Capital Subscrito;2026-04-30;6168213.93;2 dias;20292522870;0;20292522870
02.992.449/0001-09;2026-12-31;1;158275;PROMPT PARTICIPACOES S.A.;352503;Capital Integralizado;2026-04-30;6168213.93;2 dias;20292522870;0;20292522870
02.992.449/0001-09;2026-12-31;1;158275;PROMPT PARTICIPACOES S.A.;352504;Capital Emitido;2026-04-30;6168213.93;2 dias;20292522870;0;20292522870
02.998.611/0001-04;2026-12-31;1;158109;ISA ENERGIA BRASIL;352103;Capital Emitido;2019-04-04;3590020426.94;;257937732;400945572;658883304
02.998.611/0001-04;2026-12-31;1;158109;ISA ENERGIA BRASIL;352104;Capital Subscrito;2019-04-04;3590020426.94;;257937732;400945572;658883304
02.998.611/0001-04;2026-12-31;1;158109;ISA ENERGIA BRASIL;352105;Capital Integralizado;2019-04-04;3590020426.94;;257937732;400945572;658883304
02.998.611/0001-04;2026-12-31;1;158109;ISA ENERGIA BRASIL;352106;Capital Autorizado;2019-04-04;5000000000.00;;257937732;400945572;658883304
03.014.553/0001-91;2026-12-31;1;158351;TPI - TRIUNFO PARTICIP. E INVEST. S.A.;352678;Capital Subscrito;2023-04-27;842979226.55;;44000000;0;44000000
03.014.553/0001-91;2026-12-31;1;158351;TPI - TRIUNFO PARTICIP. E INVEST. S.A.;352679;Capital Integralizado;2023-04-27;842979226.55;;44000000;0;44000000
03.014.553/0001-91;2026-12-31;1;158351;TPI - TRIUNFO PARTICIP. E INVEST. S.A.;352680;Capital Emitido;2023-04-27;842979226.55;;44000000;0;44000000
03.014.553/0001-91;2026-12-31;1;158351;TPI - TRIUNFO PARTICIP. E INVEST. S.A.;352681;Capital Autorizado;2007-05-24;0.00;;200000000;0;200000000
03.207.703/0001-83;2026-12-31;2;157839;CONCESSIONARIA DE RODOVIAS DO INTERIOR PAULISTA S/A;351587;Capital Emitido;2017-12-11;129625130.08;;4763110;0;4763110
03.207.703/0001-83;2026-12-31;2;157839;CONCESSIONARIA DE RODOVIAS DO INTERIOR PAULISTA S/A;351588;Capital Subscrito;2017-12-11;129625130.08;;4763110;0;4763110
03.207.703/0001-83;2026-12-31;2;157839;CONCESSIONARIA DE RODOVIAS DO INTERIOR PAULISTA S/A;351589;Capital Integralizado;2017-12-11;129625130.08;;4763110;0;4763110
03.207.703/0001-83;2026-12-31;2;157839;CONCESSIONARIA DE RODOVIAS DO INTERIOR PAULISTA S/A;351590;Capital Autorizado;2009-08-25;200000000.00;;0;0;0
03.207.703/0001-83;2026-12-31;2;157839;CONCESSIONARIA DE RODOVIAS DO INTERIOR PAULISTA S/A;351591;Capital Emitido;2008-07-22;108710316.90;;4352285;0;4352285
03.207.703/0001-83;2026-12-31;2;157839;CONCESSIONARIA DE RODOVIAS DO INTERIOR PAULISTA S/A;351592;Capital Subscrito;2008-07-22;108710316.90;;4352285;0;4352285
03.207.703/0001-83;2026-12-31;2;157839;CONCESSIONARIA DE RODOVIAS DO INTERIOR PAULISTA S/A;351593;Capital Integralizado;2008-07-22;108152638.50;;4352285;0;4352285
03.279.285/0001-30;2026-12-31;1;158628;ORIZON MEIO AMBIENTE S.A.;353393;Capital Autorizado;2022-10-04;300000000.00;N/A;0;0;0
03.279.285/0001-30;2026-12-31;1;158628;ORIZON MEIO AMBIENTE S.A.;353394;Capital Emitido;2021-01-25;806843060.00;N/A;3510466;0;3510466
03.279.285/0001-30;2026-12-31;1;158628;ORIZON MEIO AMBIENTE S.A.;353395;Capital Subscrito;2021-01-25;806843060.00;N/A;3510466;0;3510466
03.279.285/0001-30;2026-12-31;1;158628;ORIZON MEIO AMBIENTE S.A.;353396;Capital Integralizado;2021-01-25;806843060.00;N/A;3510466;0;3510466
03.303.999/0001-36;2026-12-31;1;158437;DTCOM - DIRECT TO COMPANY S.A.;352878;Capital Integralizado;2021-01-28;68223102.16;;10680476;450655;11131131
03.303.999/0001-36;2026-12-31;1;158437;DTCOM - DIRECT TO COMPANY S.A.;352879;Capital Integralizado;2016-04-13;55090142.56;;7338756;450655;7789412
03.303.999/0001-36;2026-12-31;1;158437;DTCOM - DIRECT TO COMPANY S.A.;352880;Capital Integralizado;2011-04-29;54109503.51;;52884310;3247500;56131810
03.342.704/0001-30;2026-12-31;1;158400;PETRORECÔNCAVO S.A.;352790;Capital Integralizado;2025-01-30;2907296259.42;N/A;293472126;0;293472126
03.342.704/0001-30;2026-12-31;1;158400;PETRORECÔNCAVO S.A.;352791;Capital Subscrito;2025-01-30;2907296259.42;N/A;293472126;0;293472126
03.342.704/0001-30;2026-12-31;1;158400;PETRORECÔNCAVO S.A.;352792;Capital Emitido;2025-01-30;2907296259.42;N/A;293472126;0;293472126
03.467.321/0001-99;2026-12-31;1;158364;ENERGISA MATO GROSSO-DISTRIBUIDORA DE ENERGIA S/A;352702;Capital Autorizado;2020-04-28;0.00;N/A;150000000;300000000;450000000
03.467.321/0001-99;2026-12-31;1;158364;ENERGISA MATO GROSSO-DISTRIBUIDORA DE ENERGIA S/A;352703;Capital Emitido;2025-04-28;1680454218.87;N/A;75529774;143412165;218941939
03.467.321/0001-99;2026-12-31;1;158364;ENERGISA MATO GROSSO-DISTRIBUIDORA DE ENERGIA S/A;352704;Capital Subscrito;2025-04-28;1680454218.87;N/A;75529774;143412165;218941939
03.467.321/0001-99;2026-12-31;1;158364;ENERGISA MATO GROSSO-DISTRIBUIDORA DE ENERGIA S/A;352705;Capital Integralizado;2025-04-28;1680454218.87;N/A;75529774;143412165;218941939
03.538.833/0001-07;2026-12-31;1;158272;XX DE NOVEMBRO INVESTIMENTOS E PARTICIPAÇÕES S.A.;352492;Capital Subscrito;2023-12-19;18496835.21;;451303226;0;451303226
03.538.833/0001-07;2026-12-31;1;158272;XX DE NOVEMBRO INVESTIMENTOS E PARTICIPAÇÕES S.A.;352493;Capital Integralizado;2023-12-19;18496835.21;;451303226;0;451303226
03.538.833/0001-07;2026-12-31;1;158272;XX DE NOVEMBRO INVESTIMENTOS E PARTICIPAÇÕES S.A.;352494;Capital Emitido;2023-12-29;18496835.21;;451303226;0;451303226
03.758.318/0001-24;2026-12-31;1;158078;INVESTIMENTOS E PARTICIP. EM INFRA S.A. - INVEPAR;352037;Capital Emitido;2017-04-28;3867919940.30;;143057124;286114248;429171372
03.758.318/0001-24;2026-12-31;1;158078;INVESTIMENTOS E PARTICIP. EM INFRA S.A. - INVEPAR;352038;Capital Subscrito;2017-04-28;3867919940.30;;143057124;286114248;429171372
03.758.318/0001-24;2026-12-31;1;158078;INVESTIMENTOS E PARTICIP. EM INFRA S.A. - INVEPAR;352039;Capital Integralizado;2017-04-28;3867919940.30;;143057124;286114248;429171372
03.758.318/0001-24;2026-12-31;1;158078;INVESTIMENTOS E PARTICIP. EM INFRA S.A. - INVEPAR;352040;Capital Autorizado;2017-04-28;58534478.06;;0;0;0
03.847.461/0001-92;2026-12-31;1;158171;BRADESPAR S.A.;352262;Capital Emitido;2025-04-25;5600124804.30;0;137989898;255106712;393096610
03.847.461/0001-92;2026-12-31;1;158171;BRADESPAR S.A.;352263;Capital Subscrito;2025-04-25;5600124804.30;0;137989898;255106712;393096610
03.847.461/0001-92;2026-12-31;1;158171;BRADESPAR S.A.;352264;Capital Integralizado;2025-04-25;5600124804.30;0;137989898;255106712;393096610
03.983.431/0001-03;2026-12-31;1;158095;EDP - ENERGIAS DO BRASIL S.A.;352065;Capital Autorizado;2016-04-13;0.00;;454899882;0;454899882
03.983.431/0001-03;2026-12-31;1;158095;EDP - ENERGIAS DO BRASIL S.A.;352066;Capital Emitido;2025-12-22;11448065258.56;;794884606;0;794884606
03.983.431/0001-03;2026-12-31;1;158095;EDP - ENERGIAS DO BRASIL S.A.;352067;Capital Subscrito;2025-12-22;11448065258.56;;794884606;0;794884606
03.983.431/0001-03;2026-12-31;1;158095;EDP - ENERGIAS DO BRASIL S.A.;352068;Capital Integralizado;2025-12-22;11448065258.56;;794884606;0;794884606
04.030.182/0001-02;2026-12-31;1;158532;CABINDA PARTICIPACOES S.A.;353128;Capital Autorizado;2023-02-10;4999060190.15;;0;0;0
04.030.182/0001-02;2026-12-31;1;158532;CABINDA PARTICIPACOES S.A.;353129;Capital Emitido;2023-02-10;939809.85;;2548000;5096000;7644000
04.030.182/0001-02;2026-12-31;1;158532;CABINDA PARTICIPACOES S.A.;353130;Capital Integralizado;2023-02-10;939809.85;;2548000;5096000;7644000
04.030.182/0001-02;2026-12-31;1;158532;CABINDA PARTICIPACOES S.A.;353131;Capital Subscrito;2023-02-10;939809.85;;2548000;5096000;7644000
04.031.213/0001-31;2026-12-31;1;158537;CACONDE PARTICIPACOES S.A.;353136;Capital Emitido;2023-02-10;907106.00;;794212;1588542;2382754
04.031.213/0001-31;2026-12-31;1;158537;CACONDE PARTICIPACOES S.A.;353137;Capital Integralizado;2023-02-10;907106.00;;794212;1588542;2382754
04.031.213/0001-31;2026-12-31;1;158537;CACONDE PARTICIPACOES S.A.;353138;Capital Subscrito;2023-02-10;907106.00;;794212;1588542;2382754
04.031.213/0001-31;2026-12-31;1;158537;CACONDE PARTICIPACOES S.A.;353139;Capital Autorizado;2023-02-10;4999095894.00;;0;0;0
04.038.763/0001-82;2026-12-31;1;158538;CAIANDA PARTICIPACOES S.A.;353140;Capital Emitido;2021-06-27;1130320.53;;776869;1553254;2330123
04.038.763/0001-82;2026-12-31;1;158538;CAIANDA PARTICIPACOES S.A.;353141;Capital Integralizado;2021-06-27;1130320.53;;776869;1553254;2330123
04.038.763/0001-82;2026-12-31;1;158538;CAIANDA PARTICIPACOES S.A.;353142;Capital Subscrito;2021-06-27;1130320.53;;776869;1553254;2330123
04.038.763/0001-82;2026-12-31;1;158538;CAIANDA PARTICIPACOES S.A.;353143;Capital Autorizado;2021-06-27;4998869679.47;;0;0;0
04.065.053/0001-41;2026-12-31;1;158081;BRZ EMPREENDIMENTOS E CONSTRUÇÕES S.A.;352045;Capital Emitido;2025-06-26;135000000.00;N/A;15000000;0;15000000
04.065.053/0001-41;2026-12-31;1;158081;BRZ EMPREENDIMENTOS E CONSTRUÇÕES S.A.;352046;Capital Subscrito;2025-06-26;135000000.00;N/A;15000000;0;15000000
04.065.053/0001-41;2026-12-31;1;158081;BRZ EMPREENDIMENTOS E CONSTRUÇÕES S.A.;352047;Capital Integralizado;2025-06-26;135000000.00;N/A;15000000;0;15000000
04.065.053/0001-41;2026-12-31;1;158081;BRZ EMPREENDIMENTOS E CONSTRUÇÕES S.A.;352048;Capital Autorizado;2020-07-31;865000000.00;;0;0;0
04.089.570/0001-50;2026-12-31;1;158570;ÁGUAS GUARIROBA S.A;353224;Capital Emitido;2021-07-23;343639459.74;N/A;331012035;0;331012035
04.089.570/0001-50;2026-12-31;1;158570;ÁGUAS GUARIROBA S.A;353225;Capital Subscrito;2021-07-23;343639459.74;N/A;331012035;0;331012035
04.089.570/0001-50;2026-12-31;1;158570;ÁGUAS GUARIROBA S.A;353226;Capital Integralizado;2021-07-23;343639459.74;N/A;331012035;0;331012035
04.149.454/0001-80;2026-12-31;1;158110;ECORODOVIAS INFRAESTRUTURA E LOGÍSTICA S.A.;352107;Capital Emitido;2021-06-22;2101489404.07;N/A;696334224;0;696334224
04.149.454/0001-80;2026-12-31;1;158110;ECORODOVIAS INFRAESTRUTURA E LOGÍSTICA S.A.;352108;Capital Subscrito;2021-06-22;2101489404.07;N/A;696334224;0;696334224
04.149.454/0001-80;2026-12-31;1;158110;ECORODOVIAS INFRAESTRUTURA E LOGÍSTICA S.A.;352109;Capital Integralizado;2021-06-22;2101489404.07;N/A;696334224;0;696334224
04.149.454/0001-80;2026-12-31;1;158110;ECORODOVIAS INFRAESTRUTURA E LOGÍSTICA S.A.;352110;Capital Autorizado;2020-09-23;1898510595.93;N/A;0;0;0
04.172.213/0001-51;2026-12-31;1;158066;CIA PIRATININGA DE FORCA E LUZ;352015;Capital Emitido;2026-04-23;350067437.61;;53096770180;0;53096770180
04.172.213/0001-51;2026-12-31;1;158066;CIA PIRATININGA DE FORCA E LUZ;352016;Capital Subscrito;2026-04-23;350067437.61;;53096770180;0;53096770180
04.172.213/0001-51;2026-12-31;1;158066;CIA PIRATININGA DE FORCA E LUZ;352017;Capital Integralizado;2026-04-23;350067437.61;;53096770180;0;53096770180
04.212.396/0001-91;2026-12-31;1;158362;VOKE S.A.;352695;Capital Emitido;2022-02-03;105670527.85;;27123015;0;27123015
04.212.396/0001-91;2026-12-31;1;158362;VOKE S.A.;352696;Capital Subscrito;2022-02-03;105670527.85;;27123015;0;27123015
04.212.396/0001-91;2026-12-31;1;158362;VOKE S.A.;352697;Capital Integralizado;2022-02-03;105670527.85;;27123015;0;27123015
04.212.396/0001-91;2026-12-31;1;158362;VOKE S.A.;352698;Capital Autorizado;2023-04-24;0.00;;81369045;0;81369045
04.368.898/0001-06;2026-12-31;1;157846;COPEL DISTRIBUIÇÃO S.A.;351607;Capital Emitido;2026-04-30;5372818560.09;;5372818560;0;5372818560
04.368.898/0001-06;2026-12-31;1;157846;COPEL DISTRIBUIÇÃO S.A.;351608;Capital Subscrito;2026-04-30;5372818560.09;;5372818560;0;5372818560
04.368.898/0001-06;2026-12-31;1;157846;COPEL DISTRIBUIÇÃO S.A.;351609;Capital Integralizado;2026-04-30;5372818560.09;;5372818560;0;5372818560
04.370.282/0001-70;2026-12-31;1;157847;COPEL GERAÇÃO E TRANSMISSÃO S.A.;351610;Capital Emitido;2026-04-30;7392933924.65;;7392933924;0;7392933924
04.370.282/0001-70;2026-12-31;1;157847;COPEL GERAÇÃO E TRANSMISSÃO S.A.;351611;Capital Subscrito;2026-04-30;7392933924.65;;7392933924;0;7392933924
04.370.282/0001-70;2026-12-31;1;157847;COPEL GERAÇÃO E TRANSMISSÃO S.A.;351612;Capital Integralizado;2026-04-30;7392933924.65;;7392933924;0;7392933924
04.423.567/0001-21;2026-12-31;1;158436;ENEVA S.A;352874;Capital Emitido;2026-05-20;18135775177.04;N/A;1937029517;0;1937029517
04.423.567/0001-21;2026-12-31;1;158436;ENEVA S.A;352875;Capital Subscrito;2026-05-20;18135775177.04;N/A;1937029517;0;1937029517
04.423.567/0001-21;2026-12-31;1;158436;ENEVA S.A;352876;Capital Integralizado;2026-05-20;18134264034.68;N/A;1937029517;0;1937029517
04.423.567/0001-21;2026-12-31;1;158436;ENEVA S.A;352877;Capital Autorizado;2025-04-30;0.00;N/A;524685605;0;524685605
04.601.397/0001-28;2026-12-31;1;158344;BRISANET SERVIÇOS DE TELECOMUNICAÇÕES S.A.;352656;Capital Emitido;2026-04-22;1402325954.99;;438007537;0;438007537
04.601.397/0001-28;2026-12-31;1;158344;BRISANET SERVIÇOS DE TELECOMUNICAÇÕES S.A.;352657;Capital Subscrito;2026-04-22;1402325954.99;;438007537;0;438007537
04.601.397/0001-28;2026-12-31;1;158344;BRISANET SERVIÇOS DE TELECOMUNICAÇÕES S.A.;352658;Capital Integralizado;2026-04-22;1402325954.99;;438007537;0;438007537
04.601.397/0001-28;2026-12-31;1;158344;BRISANET SERVIÇOS DE TELECOMUNICAÇÕES S.A.;352659;Capital Autorizado;2026-04-22;1402325954.99;;900000000;0;900000000
04.626.426/0001-06;2026-12-31;1;158584;BTG PACTUAL COMMODITIES SERTRADING S.A.;353261;Capital Emitido;2025-04-30;1117659462.22;N/A;11046094622;0;11046094622
04.626.426/0001-06;2026-12-31;1;158584;BTG PACTUAL COMMODITIES SERTRADING S.A.;353262;Capital Subscrito;2025-04-30;1117659462.22;N/A;11046094622;0;11046094622
04.626.426/0001-06;2026-12-31;1;158584;BTG PACTUAL COMMODITIES SERTRADING S.A.;353263;Capital Integralizado;2025-04-30;1117659462.22;N/A;11046094622;0;11046094622
04.752.991/0001-10;2026-12-31;1;158274;BIOMM S.A.;352498;Capital Emitido;2025-05-26;957501087.78;à vista;136852484;0;136852484
04.752.991/0001-10;2026-12-31;1;158274;BIOMM S.A.;352499;Capital Subscrito;2025-05-26;957501087.78;à vista;136852484;0;136852484
04.752.991/0001-10;2026-12-31;1;158274;BIOMM S.A.;352500;Capital Integralizado;2025-05-26;957501087.78;à vista;136852484;0;136852484
04.752.991/0001-10;2026-12-31;1;158274;BIOMM S.A.;352501;Capital Autorizado;2025-03-26;192498912.22;;0;0;0
04.821.041/0001-08;2026-12-31;1;158292;METALFRIO SOLUTIONS S.A.;352538;Capital Emitido;2025-11-28;494167333.39;Não aplicável;6382377;0;6382377
04.821.041/0001-08;2026-12-31;1;158292;METALFRIO SOLUTIONS S.A.;352539;Capital Subscrito;2025-11-28;494167333.39;Não aplicável;6382377;0;6382377
04.821.041/0001-08;2026-12-31;1;158292;METALFRIO SOLUTIONS S.A.;352540;Capital Integralizado;2025-11-28;494167333.39;Não aplicável;6382377;0;6382377
04.821.041/0001-08;2026-12-31;1;158292;METALFRIO SOLUTIONS S.A.;352541;Capital Autorizado;2017-11-10;0.00;Não aplicável;5333333;0;5333333
04.912.242/0001-02;2026-12-31;1;157830;PORTUENSE FERRAGENS S/A;351564;Capital Integralizado;2001-04-30;1327000.00;;24353;5535;29888
04.913.711/0001-08;2026-12-31;1;158306;BCO ESTADO DO PARA S.A.;352563;Capital Integralizado;2024-12-02;1881601295.79;;9521649;0;9521649
04.986.320/0001-13;2026-12-31;1;158206;SER EDUCACIONAL S.A.;352343;Capital Emitido;2026-04-16;1000000000.00;;128721560;0;128721560
04.986.320/0001-13;2026-12-31;1;158206;SER EDUCACIONAL S.A.;352344;Capital Subscrito;2026-04-16;1000000000.00;-;128721560;0;128721560
04.986.320/0001-13;2026-12-31;1;158206;SER EDUCACIONAL S.A.;352345;Capital Integralizado;2026-04-16;1000000000.00;;128721560;0;128721560
04.986.320/0001-13;2026-12-31;1;158206;SER EDUCACIONAL S.A.;352346;Capital Autorizado;2019-05-09;1500000000.00;;128721560;0;128721560
04.992.714/0001-84;2026-12-31;1;158130;NOVA TRANSPORTADORA DO SUDESTE S.A. - NTS;352172;Capital Emitido;2023-01-12;501000000.00;Já Integralizado;2312328578;0;2312328578
04.992.714/0001-84;2026-12-31;1;158130;NOVA TRANSPORTADORA DO SUDESTE S.A. - NTS;352173;Capital Subscrito;2023-01-12;501000000.00;Já Integralizado;2312328578;0;2312328578
04.992.714/0001-84;2026-12-31;1;158130;NOVA TRANSPORTADORA DO SUDESTE S.A. - NTS;352174;Capital Integralizado;2023-01-12;501000000.00;Já Integralizado;2312328578;0;2312328578
05.197.443/0001-38;2026-12-31;1;158343;HAPVIDA PARTICIPAÇÕES E INVESTIMENTOS S.A.;352652;Capital Autorizado;2025-04-30;0.00;;65000000;0;65000000
05.197.443/0001-38;2026-12-31;1;158343;HAPVIDA PARTICIPAÇÕES E INVESTIMENTOS S.A.;352653;Capital Emitido;2025-04-30;39121274251.98;;502630884;0;502630884
05.197.443/0001-38;2026-12-31;1;158343;HAPVIDA PARTICIPAÇÕES E INVESTIMENTOS S.A.;352654;Capital Subscrito;2025-04-30;39121274251.98;;502630884;0;502630884
05.197.443/0001-38;2026-12-31;1;158343;HAPVIDA PARTICIPAÇÕES E INVESTIMENTOS S.A.;352655;Capital Integralizado;2025-04-30;39121274251.98;;502630884;0;502630884
05.336.882/0001-84;2026-12-31;1;158289;CACHOEIRA PAULISTA TRANSMISSORA ENERGIA S.A.;352534;Capital Emitido;2021-09-15;20000000.00;;20000000;0;20000000
05.336.882/0001-84;2026-12-31;1;158289;CACHOEIRA PAULISTA TRANSMISSORA ENERGIA S.A.;352535;Capital Emitido;2018-07-06;76281111.00;;76281111;0;76281111
05.336.882/0001-84;2026-12-31;1;158289;CACHOEIRA PAULISTA TRANSMISSORA ENERGIA S.A.;352536;Capital Subscrito;2018-07-06;76281111.00;;76281111;0;76281111
05.878.397/0001-32;2026-12-31;1;158519;ALLOS S.A.;353099;Capital Emitido;2025-09-16;15092136244.00;Totalmente integralizado;504190947;0;504190947
05.878.397/0001-32;2026-12-31;1;158519;ALLOS S.A.;353100;Capital Subscrito;2025-09-16;15092136244.00;Totalmente integralizado;504190947;0;504190947
05.878.397/0001-32;2026-12-31;1;158519;ALLOS S.A.;353101;Capital Integralizado;2025-09-16;15092136244.00;;504190947;0;504190947
05.878.397/0001-32;2026-12-31;1;158519;ALLOS S.A.;353102;Capital Autorizado;2023-05-23;4000000000.00;;0;0;0
05.917.486/0001-40;2026-12-31;1;157899;LIVETECH DA BAHIA INDÚSTRIA E COMÉRCIO S.A.;351742;Capital Emitido;2025-12-17;426768933.59;N/A;63461463;0;63461463
05.917.486/0001-40;2026-12-31;1;157899;LIVETECH DA BAHIA INDÚSTRIA E COMÉRCIO S.A.;351743;Capital Subscrito;2025-12-17;426768933.59;N/A;63461463;0;63461463
05.917.486/0001-40;2026-12-31;1;157899;LIVETECH DA BAHIA INDÚSTRIA E COMÉRCIO S.A.;351744;Capital Integralizado;2025-12-17;426768933.59;N/A;63461463;0;63461463
05.917.486/0001-40;2026-12-31;1;157899;LIVETECH DA BAHIA INDÚSTRIA E COMÉRCIO S.A.;351745;Capital Autorizado;2021-08-24;0.00;N/A;80462800;0;80462800
06.057.223/0001-71;2026-12-31;1;158202;SENDAS DISTRIBUIDORA S.A.;352327;Capital Emitido;2026-03-27;1581490854.43;;1353531262;0;1353531262
06.057.223/0001-71;2026-12-31;1;158202;SENDAS DISTRIBUIDORA S.A.;352328;Capital Subscrito;2026-03-27;1581490854.43;;1353531262;0;1353531262
06.057.223/0001-71;2026-12-31;1;158202;SENDAS DISTRIBUIDORA S.A.;352329;Capital Integralizado;2026-03-27;1581490854.43;;1353531262;0;1353531262
06.057.223/0001-71;2026-12-31;1;158202;SENDAS DISTRIBUIDORA S.A.;352330;Capital Autorizado;2022-01-21;0.00;;646468738;0;646468738
06.267.630/0001-03;2026-09-30;2;156186;COMPANHIA BRASILEIRA DE EDUCAÇÃO E SISTEMA DE ENSINO S.A.;348884;Capital Integralizado;2025-11-30;2753251543.77;N/A;1671717885;0;1671717885
06.267.630/0001-03;2026-09-30;2;156186;COMPANHIA BRASILEIRA DE EDUCAÇÃO E SISTEMA DE ENSINO S.A.;348885;Capital Emitido;2025-11-30;2753251543.77;N/A;1671717885;0;1671717885
06.267.630/0001-03;2026-09-30;2;156186;COMPANHIA BRASILEIRA DE EDUCAÇÃO E SISTEMA DE ENSINO S.A.;348886;Capital Subscrito;2025-11-30;2753251543.77;N/A;1671717885;0;1671717885
06.347.409/0001-65;2026-12-31;1;158474;SBF COMÉRCIO DE PRODUTOS ESPORTIVOS S.A.;352984;Capital Emitido;2022-12-01;2229970549.00;;4809277645;0;4809277645
06.347.409/0001-65;2026-12-31;1;158474;SBF COMÉRCIO DE PRODUTOS ESPORTIVOS S.A.;352985;Capital Subscrito;2022-12-01;2229970549.00;;4809277645;0;4809277645
06.347.409/0001-65;2026-12-31;1;158474;SBF COMÉRCIO DE PRODUTOS ESPORTIVOS S.A.;352986;Capital Integralizado;2022-12-01;2229970549.00;;4809277645;0;4809277645
06.626.253/0001-51;2026-12-31;4;158422;EMPREENDIMENTOS PAGUE MENOS S.A.;352843;Capital Autorizado;2025-12-12;0.00;Não aplicável.;500000000;0;500000000
06.626.253/0001-51;2026-12-31;4;158422;EMPREENDIMENTOS PAGUE MENOS S.A.;352844;Capital Emitido;2026-03-10;2402400568.45;Não aplicável.;723898206;0;723898206
06.626.253/0001-51;2026-12-31;4;158422;EMPREENDIMENTOS PAGUE MENOS S.A.;352845;Capital Subscrito;2026-03-10;2402400568.45;Não aplicável.;723898206;0;723898206
06.626.253/0001-51;2026-12-31;4;158422;EMPREENDIMENTOS PAGUE MENOS S.A.;352846;Capital Integralizado;2026-03-10;2402400568.45;Não aplicável.;723898206;0;723898206
06.977.745/0001-91;2026-12-31;1;158507;BR MALLS PARTICIPACOES S.A.;353077;Capital Emitido;2024-08-20;10406862080.33;;819720494;0;819720494
06.977.745/0001-91;2026-12-31;1;158507;BR MALLS PARTICIPACOES S.A.;353078;Capital Subscrito;2024-08-20;10406862080.33;;819720494;0;819720494
06.977.745/0001-91;2026-12-31;1;158507;BR MALLS PARTICIPACOES S.A.;353079;Capital Integralizado;2024-08-20;10406862080.33;;819720494;0;819720494
06.977.745/0001-91;2026-12-31;1;158507;BR MALLS PARTICIPACOES S.A.;353080;Capital Autorizado;2022-02-04;1123200000.00;;1123200000;0;1123200000
06.981.176/0001-58;2026-12-31;2;157919;CEMIG GERACAO E TRANSMISSAO S.A.;351772;Capital Emitido;2022-10-31;5473723629.09;n/a;2896785358;0;2896785358
06.981.176/0001-58;2026-12-31;2;157919;CEMIG GERACAO E TRANSMISSAO S.A.;351773;Capital Integralizado;2022-10-31;5473723629.09;n/a;2896785358;0;2896785358
06.981.176/0001-58;2026-12-31;2;157919;CEMIG GERACAO E TRANSMISSAO S.A.;351774;Capital Subscrito;2022-10-31;5473723629.09;n/a;2896785358;0;2896785358
06.981.176/0001-58;2026-12-31;2;157919;CEMIG GERACAO E TRANSMISSAO S.A.;351775;Capital Autorizado;2022-10-31;547372362.90;n/a;0;0;0
06.981.180/0001-16;2026-12-31;2;157918;CEMIG DISTRIBUICAO S.A.;351768;Capital Subscrito;2024-12-18;6964105965.93;n/a;2359113452;0;2359113452
06.981.180/0001-16;2026-12-31;2;157918;CEMIG DISTRIBUICAO S.A.;351769;Capital Autorizado;2024-12-18;696410596.59;n/a;0;0;0
06.981.180/0001-16;2026-12-31;2;157918;CEMIG DISTRIBUICAO S.A.;351770;Capital Integralizado;2024-12-18;6964105965.93;n/a;2359113452;0;2359113452
06.981.180/0001-16;2026-12-31;2;157918;CEMIG DISTRIBUICAO S.A.;351771;Capital Emitido;2024-12-18;6964105965.93;n/a;2359113452;0;2359113452
06.981.381/0001-13;2026-03-31;7;156522;CTC - CENTRO DE TECNOLOGIA CANAVIEIRA S.A.;349694;Capital Subscrito;2025-06-26;812203309.12;N/A;320748000;0;320748000
06.981.381/0001-13;2026-03-31;7;156522;CTC - CENTRO DE TECNOLOGIA CANAVIEIRA S.A.;349695;Capital Autorizado;2021-07-21;0.00;N/A;1352000;0;1352000
06.981.381/0001-13;2026-03-31;7;156522;CTC - CENTRO DE TECNOLOGIA CANAVIEIRA S.A.;349696;Capital Integralizado;2025-06-26;812203309.12;N/A;320748000;0;320748000
06.981.381/0001-13;2026-03-31;7;156522;CTC - CENTRO DE TECNOLOGIA CANAVIEIRA S.A.;349697;Capital Emitido;2025-06-26;812203309.12;N/A;320748000;0;320748000
07.040.108/0001-57;2026-12-31;1;157415;CAGECE - CIA DE AGUA E ESGOTO DO CEARA;351072;Capital Emitido;2026-04-28;3271148497.30;;51879733;15651;51895384
07.040.108/0001-57;2026-12-31;1;157415;CAGECE - CIA DE AGUA E ESGOTO DO CEARA;351073;Capital Subscrito;2026-04-28;3271148497.30;360 dias;51879733;15651;51895384
07.040.108/0001-57;2026-12-31;1;157415;CAGECE - CIA DE AGUA E ESGOTO DO CEARA;351074;Capital Integralizado;2026-04-28;3250387121.94;360 dias;51707364;15610;51722974
07.040.108/0001-57;2026-12-31;1;157415;CAGECE - CIA DE AGUA E ESGOTO DO CEARA;351075;Capital Autorizado;1998-03-25;0.00;;33333333333;16666666667;50000000000
07.043.628/0001-13;2026-12-31;1;158569;CLARO TELECOM PARTICIPAÇÕES S.A.;353221;Capital Emitido;2025-12-29;19201302660.49;29/12/2025;251307342891;0;251307342891
07.043.628/0001-13;2026-12-31;1;158569;CLARO TELECOM PARTICIPAÇÕES S.A.;353222;Capital Subscrito;2025-12-29;19201302660.49;29/12/2025;251307342891;0;251307342891
07.043.628/0001-13;2026-12-31;1;158569;CLARO TELECOM PARTICIPAÇÕES S.A.;353223;Capital Integralizado;2025-12-29;19201302660.49;29/12/2025;251307342891;0;251307342891
07.047.251/0001-70;2026-12-31;1;158585;CIA ENERGETICA DO CEARA - COELCE;353264;Capital Emitido;2025-07-17;2133480314.24;;53402024;32899995;86302019
07.047.251/0001-70;2026-12-31;1;158585;CIA ENERGETICA DO CEARA - COELCE;353265;Capital Subscrito;2025-07-17;2133480314.24;;53402024;32899995;86302019
07.047.251/0001-70;2026-12-31;1;158585;CIA ENERGETICA DO CEARA - COELCE;353266;Capital Integralizado;2025-07-17;2133480314.24;;53402024;32899995;86302019
07.047.251/0001-70;2026-12-31;1;158585;CIA ENERGETICA DO CEARA - COELCE;353267;Capital Autorizado;2003-02-28;0.00;;100000000000;200000000000;300000000000
07.119.838/0001-48;2026-12-31;1;158266;SECME - COMPANHIA SECURITIZADORA DE CRÉDITOS IMOBILIÁRIOS;352478;Capital Emitido;2021-05-27;384524.00;0;384524;0;384524
07.119.838/0001-48;2026-12-31;1;158266;SECME - COMPANHIA SECURITIZADORA DE CRÉDITOS IMOBILIÁRIOS;352479;Capital Emitido;2021-05-27;384524.00;0;384524;0;384524
07.119.838/0001-48;2026-12-31;1;158266;SECME - COMPANHIA SECURITIZADORA DE CRÉDITOS IMOBILIÁRIOS;352480;Capital Subscrito;2021-05-27;384524.00;0;384524;0;384524
07.237.373/0001-20;2026-12-31;1;157835;BCO NORDESTE DO BRASIL S.A.;351574;Capital Integralizado;2026-04-20;15139032000.00;;98699749;0;98699749
07.237.373/0001-20;2026-12-31;1;157835;BCO NORDESTE DO BRASIL S.A.;351575;Capital Emitido;2024-05-07;1451826607.81;13/05/2024 a 12/06/2024;12328285;0;12328285
07.237.373/0001-20;2026-12-31;1;157835;BCO NORDESTE DO BRASIL S.A.;351576;Capital Subscrito;2024-06-28;1451826607.81;;12328285;0;12328285
07.275.159/0001-68;2026-12-31;1;157033;PETROLEO LUB DO NORDESTE SA;350564;Capital Autorizado;2011-04-29;6892500.00;;496437;1753563;2250000
07.282.377/0001-20;2026-12-31;1;158262;ENERGISA SUL-SUDESTE - DISTRIBUIDORA DE ENERGIA S/A;352466;Capital Autorizado;2019-09-16;0.00;N/A;50000;0;50000
07.282.377/0001-20;2026-12-31;1;158262;ENERGISA SUL-SUDESTE - DISTRIBUIDORA DE ENERGIA S/A;352467;Capital Emitido;2017-09-20;534716540.16;N/A;97112;0;97112
07.282.377/0001-20;2026-12-31;1;158262;ENERGISA SUL-SUDESTE - DISTRIBUIDORA DE ENERGIA S/A;352468;Capital Subscrito;2017-09-20;534716540.16;N/A;97112;0;97112
07.282.377/0001-20;2026-12-31;1;158262;ENERGISA SUL-SUDESTE - DISTRIBUIDORA DE ENERGIA S/A;352469;Capital Integralizado;2017-09-20;534716540.16;N/A;97112;0;97112
07.334.600/0001-35;2026-12-31;1;156949;MARINA DE IRACEMA PARK SA;350401;Capital Emitido;2000-04-30;63637372.76;;95244338;1316954;96561292
07.526.557/0001-00;2026-12-31;1;158168;AMBEV S.A.;352252;Capital Emitido;2026-03-30;58308213544.96;Totalmente Integralizado;15763664889;0;15763664889
07.526.557/0001-00;2026-12-31;1;158168;AMBEV S.A.;352253;Capital Subscrito;2026-03-30;58308213544.96;Totalmente Integralizado;15763664889;0;15763664889
07.526.557/0001-00;2026-12-31;1;158168;AMBEV S.A.;352254;Capital Integralizado;2026-03-30;58308213544.96;Totalmente Integralizado;15763664889;0;15763664889
07.526.557/0001-00;2026-12-31;1;158168;AMBEV S.A.;352255;Capital Autorizado;2013-03-01;0.00;;3236335111;0;3236335111
07.594.978/0001-78;2026-12-31;1;158425;SMARTFIT ESCOLA DE GINÁSTICA E DANÇA S.A.;352848;Capital Emitido;2026-02-04;3524130916.54;N/A;616129844;0;616129844
07.594.978/0001-78;2026-12-31;1;158425;SMARTFIT ESCOLA DE GINÁSTICA E DANÇA S.A.;352849;Capital Subscrito;2026-02-04;3524130916.54;N/A;616129844;0;616129844
07.594.978/0001-78;2026-12-31;1;158425;SMARTFIT ESCOLA DE GINÁSTICA E DANÇA S.A.;352850;Capital Integralizado;2026-02-04;3524130916.54;N/A;616129844;0;616129844
07.594.978/0001-78;2026-12-31;1;158425;SMARTFIT ESCOLA DE GINÁSTICA E DANÇA S.A.;352851;Capital Autorizado;2021-06-22;0.00;N/A;275112445;0;275112445
07.628.528/0001-59;2026-06-30;5;157751;BRASILAGRO - CIA BRAS DE PROP AGRICOLAS;351386;Capital Integralizado;2021-05-14;1587987665.07;;102683444;0;102683444
07.628.528/0001-59;2026-06-30;5;157751;BRASILAGRO - CIA BRAS DE PROP AGRICOLAS;351387;Capital Subscrito;2021-05-14;1587984600.71;Imediato;102377008;0;102377008
07.628.528/0001-59;2026-06-30;5;157751;BRASILAGRO - CIA BRAS DE PROP AGRICOLAS;351388;Capital Autorizado;2011-02-04;3000000000.00;A ser fixado pelo Cons de Adm;0;0;0
07.628.528/0001-59;2026-06-30;5;157751;BRASILAGRO - CIA BRAS DE PROP AGRICOLAS;351389;Capital Emitido;2023-10-24;1587984600.71;;102377008;0;102377008
07.636.657/0001-99;2026-12-31;1;158338;AÇO VERDE DO BRASIL S.A;352645;Capital Emitido;2025-12-26;1701870699.01;;1031745;659115;1690860
07.636.657/0001-99;2026-12-31;1;158338;AÇO VERDE DO BRASIL S.A;352646;Capital Subscrito;2025-12-26;1701870699.01;;1031745;659115;1690860
07.636.657/0001-99;2026-12-31;1;158338;AÇO VERDE DO BRASIL S.A;352647;Capital Integralizado;2025-12-26;1701870699.01;;1031745;659115;1690860
07.659.538/0001-51;2026-12-31;1;157926;DINAMICA ENERGIA S.A.;351791;Capital Integralizado;2008-09-11;11023802.00;;334424444;0;334424444
07.659.538/0001-51;2026-12-31;1;157926;DINAMICA ENERGIA S.A.;351792;Capital Autorizado;2006-01-30;610000000.00;;0;0;0
07.689.002/0001-89;2026-12-31;1;158514;EMBRAER S.A.;353092;Capital Emitido;2018-03-05;5159617052.42;;740465044;0;740465044
07.689.002/0001-89;2026-12-31;1;158514;EMBRAER S.A.;353093;Capital Subscrito;2018-03-05;5159617052.42;;740465044;0;740465044
07.689.002/0001-89;2026-12-31;1;158514;EMBRAER S.A.;353094;Capital Integralizado;2018-03-05;5159617052.42;;740465044;0;740465044
07.689.002/0001-89;2026-12-31;1;158514;EMBRAER S.A.;353095;Capital Autorizado;2006-05-23;0.00;;259534956;0;259534956
07.816.890/0001-53;2026-12-31;1;158543;MULTIPLAN - EMPREEND IMOBILIARIOS S.A.;353157;Capital Emitido;2026-03-27;3478062190.88;N/A;513163701;0;513163701
07.816.890/0001-53;2026-12-31;1;158543;MULTIPLAN - EMPREEND IMOBILIARIOS S.A.;353158;Capital Autorizado;2018-07-20;0.00;N/A;210038121;0;210038121
07.816.890/0001-53;2026-12-31;1;158543;MULTIPLAN - EMPREEND IMOBILIARIOS S.A.;353159;Capital Integralizado;2026-03-27;3478062190.88;N/A;513163701;0;513163701
07.816.890/0001-53;2026-12-31;1;158543;MULTIPLAN - EMPREEND IMOBILIARIOS S.A.;353160;Capital Subscrito;2026-03-27;3478062190.88;N/A;513163701;0;513163701
07.823.262/0001-03;2026-12-31;1;158455;FOZ DO RIO CLARO ENERGIA S.A.;352922;Capital Emitido;2016-03-23;168270000.00;;67717178;40991800;108708978
07.823.262/0001-03;2026-12-31;1;158455;FOZ DO RIO CLARO ENERGIA S.A.;352923;Capital Subscrito;2016-03-23;168270000.00;;67717178;40991800;108708978
07.823.262/0001-03;2026-12-31;1;158455;FOZ DO RIO CLARO ENERGIA S.A.;352924;Capital Integralizado;2016-03-23;168270000.00;;67717178;40991800;108708978
07.823.262/0001-03;2026-12-31;1;158455;FOZ DO RIO CLARO ENERGIA S.A.;352925;Capital Autorizado;2016-03-23;0.00;;0;0;0
07.859.971/0001-30;2026-12-31;1;158177;TRANSMISSORA ALIANÇA DE ENERGIA ELÉTRICA S.A.;352276;Capital Subscrito;2016-09-29;3067535193.28;N/A;590714069;442782652;1033496721
07.859.971/0001-30;2026-12-31;1;158177;TRANSMISSORA ALIANÇA DE ENERGIA ELÉTRICA S.A.;352277;Capital Integralizado;2016-09-29;3067535193.28;N/A;590714069;442782652;1033496721
07.859.971/0001-30;2026-12-31;1;158177;TRANSMISSORA ALIANÇA DE ENERGIA ELÉTRICA S.A.;352278;Capital Emitido;2016-09-29;3067535193.28;N/A;590714069;442782652;1033496721
07.859.971/0001-30;2026-12-31;1;158177;TRANSMISSORA ALIANÇA DE ENERGIA ELÉTRICA S.A.;352279;Capital Autorizado;2012-05-11;1932464806.72;N/A;0;0;0
07.882.930/0001-65;2026-12-31;1;158475;MITRE REALTY EMPREENDIMENTOS E PARTICIPAÇÕES S.A.;352990;Capital Emitido;2020-02-03;1014824026.00;Não aplicável;105774820;0;105774820
07.882.930/0001-65;2026-12-31;1;158475;MITRE REALTY EMPREENDIMENTOS E PARTICIPAÇÕES S.A.;352991;Capital Subscrito;2020-02-03;1014824026.00;Não aplicável;105774820;0;105774820
07.882.930/0001-65;2026-12-31;1;158475;MITRE REALTY EMPREENDIMENTOS E PARTICIPAÇÕES S.A.;352992;Capital Integralizado;2020-02-03;1014824026.00;Não aplicável;105774820;0;105774820
07.882.930/0001-65;2026-12-31;1;158475;MITRE REALTY EMPREENDIMENTOS E PARTICIPAÇÕES S.A.;352993;Capital Autorizado;2019-11-28;0.00;;200000000;0;200000000
08.065.557/0001-12;2026-12-31;1;158445;TECNISA S.A.;352897;Capital Emitido;2020-05-05;1868315630.00;;73619230;0;73619230
08.065.557/0001-12;2026-12-31;1;158445;TECNISA S.A.;352898;Capital Subscrito;2020-05-05;1868315630.00;;73619230;0;73619230
08.065.557/0001-12;2026-12-31;1;158445;TECNISA S.A.;352899;Capital Integralizado;2020-05-05;1868315630.00;;73619230;0;73619230
08.065.557/0001-12;2026-12-31;1;158445;TECNISA S.A.;352900;Capital Autorizado;2025-05-27;0.00;;150000000;0;150000000
08.070.508/0001-78;2026-03-31;6;157719;RAIZEN ENERGIA S.A.;351311;Capital Autorizado;2021-12-31;0.00;N/A;0;0;0
08.070.508/0001-78;2026-03-31;6;157719;RAIZEN ENERGIA S.A.;351312;Capital Emitido;2024-10-15;21031609410.70;N/A;22322879019;0;22322879019
08.070.508/0001-78;2026-03-31;6;157719;RAIZEN ENERGIA S.A.;351313;Capital Subscrito;2024-10-15;21031609410.70;N/A;22322879019;0;22322879019
08.070.508/0001-78;2026-03-31;6;157719;RAIZEN ENERGIA S.A.;351314;Capital Integralizado;2024-10-15;21031609410.70;N/A;22322879019;0;22322879019
08.078.847/0001-09;2026-12-31;1;158317;LPS BRASIL - CONSULTORIA DE IMOVEIS S.A.;352582;Capital Emitido;2021-05-21;169187891.38;;147554631;0;147554631
08.078.847/0001-09;2026-12-31;1;158317;LPS BRASIL - CONSULTORIA DE IMOVEIS S.A.;352583;Capital Subscrito;2021-05-21;169187891.38;;147554631;0;147554631
08.078.847/0001-09;2026-12-31;1;158317;LPS BRASIL - CONSULTORIA DE IMOVEIS S.A.;352584;Capital Integralizado;2021-05-21;169187891.38;;147554631;0;147554631
08.078.847/0001-09;2026-12-31;1;158317;LPS BRASIL - CONSULTORIA DE IMOVEIS S.A.;352585;Capital Autorizado;2021-05-21;0.00;;80000000;0;80000000
08.159.965/0001-33;2026-12-31;1;158419;IGUA SANEAMENTO S.A.;352835;Capital Autorizado;2026-05-21;6800000000.00;;0;0;0
08.159.965/0001-33;2026-12-31;1;158419;IGUA SANEAMENTO S.A.;352836;Capital Emitido;2026-05-21;5385424257.07;;608718318;0;608718318
08.159.965/0001-33;2026-12-31;1;158419;IGUA SANEAMENTO S.A.;352837;Capital Integralizado;2026-05-21;5385424257.07;;608718318;0;608718318
08.159.965/0001-33;2026-12-31;1;158419;IGUA SANEAMENTO S.A.;352838;Capital Subscrito;2026-05-21;5385424257.07;;608718318;0;608718318
08.170.849/0001-15;2026-12-31;1;158350;DESKTOP S.A.;352674;Capital Emitido;2026-03-27;1000302239.33;;116217243;0;116217243
08.170.849/0001-15;2026-12-31;1;158350;DESKTOP S.A.;352675;Capital Subscrito;2026-03-27;1000302239.33;;116217243;0;116217243
08.170.849/0001-15;2026-12-31;1;158350;DESKTOP S.A.;352676;Capital Integralizado;2026-03-27;1000302239.33;;116217243;0;116217243
08.170.849/0001-15;2026-12-31;1;158350;DESKTOP S.A.;352677;Capital Autorizado;2021-05-13;0.00;;115000000;0;115000000
08.312.229/0001-73;2026-12-31;1;158548;EZ TEC EMPREEND. E PARTICIPACOES S.A.;353171;Capital Emitido;2025-12-04;4301053314.58;Totalmente integralizado;281000000;0;281000000
08.312.229/0001-73;2026-12-31;1;158548;EZ TEC EMPREEND. E PARTICIPACOES S.A.;353172;Capital Subscrito;2025-12-04;4301053314.58;Totalmente integralizado;281000000;0;281000000
08.312.229/0001-73;2026-12-31;1;158548;EZ TEC EMPREEND. E PARTICIPACOES S.A.;353173;Capital Integralizado;2025-12-04;4301053314.58;;281000000;0;281000000
08.312.229/0001-73;2026-12-31;1;158548;EZ TEC EMPREEND. E PARTICIPACOES S.A.;353174;Capital Autorizado;2025-12-04;0.00;;19000000;0;19000000
08.322.396/0001-03;2026-03-31;4;157714;CERRADINHO BIOENERGIA S.A.;351294;Capital Autorizado;2021-08-17;0.00;;130000000;0;130000000
08.322.396/0001-03;2026-03-31;4;157714;CERRADINHO BIOENERGIA S.A.;351295;Capital Emitido;2018-09-26;472588062.19;N/A;458277128;0;458277128
08.322.396/0001-03;2026-03-31;4;157714;CERRADINHO BIOENERGIA S.A.;351296;Capital Subscrito;2018-09-26;472588062.19;N/A;458277128;0;458277128
08.322.396/0001-03;2026-03-31;4;157714;CERRADINHO BIOENERGIA S.A.;351297;Capital Integralizado;2018-09-26;472588062.19;;458277128;0;458277128
08.324.196/0001-81;2026-12-31;1;157810;CIA ENERGETICA DO RIO GDE NORTE - COSERN;351521;Capital Emitido;2025-04-14;542339236.13;;167164720;0;167164720
08.324.196/0001-81;2026-12-31;1;157810;CIA ENERGETICA DO RIO GDE NORTE - COSERN;351522;Capital Subscrito;2025-04-14;542339236.13;;167164720;0;167164720
08.324.196/0001-81;2026-12-31;1;157810;CIA ENERGETICA DO RIO GDE NORTE - COSERN;351523;Capital Integralizado;2025-04-14;542339236.13;;167164720;0;167164720
08.343.492/0001-20;2026-12-31;1;158456;MRV ENGENHARIA E PARTICIPACOES S.A.;352926;Capital Emitido;2026-01-12;5980353672.35;;562835771;0;562835771
08.343.492/0001-20;2026-12-31;1;158456;MRV ENGENHARIA E PARTICIPACOES S.A.;352927;Capital Subscrito;2026-01-12;5980353672.35;;562835771;0;562835771
08.343.492/0001-20;2026-12-31;1;158456;MRV ENGENHARIA E PARTICIPACOES S.A.;352928;Capital Integralizado;2026-01-12;5980353672.35;;562835771;0;562835771
08.343.492/0001-20;2026-12-31;1;158456;MRV ENGENHARIA E PARTICIPACOES S.A.;352929;Capital Autorizado;2019-04-19;7000000000.00;;0;0;0
08.364.948/0001-38;2026-12-31;1;158431;ALUPAR INVESTIMENTO S/A;352866;Capital Emitido;2025-04-16;4023099152.87;;671494278;317386323;988880601
08.364.948/0001-38;2026-12-31;1;158431;ALUPAR INVESTIMENTO S/A;352867;Capital Subscrito;2025-04-16;4023099152.87;;671494278;317386323;988880601
08.364.948/0001-38;2026-12-31;1;158431;ALUPAR INVESTIMENTO S/A;352868;Capital Integralizado;2025-04-16;4023099152.87;;671494278;317386323;988880601
08.364.948/0001-38;2026-12-31;1;158431;ALUPAR INVESTIMENTO S/A;352869;Capital Autorizado;2017-05-15;0.00;;42862148;42862148;85724296
08.402.943/0001-52;2026-12-31;1;158200;GUARARAPES CONFECCOES S.A.;352309;Capital Autorizado;2026-04-28;0.00;-;99457634;0;99457634
08.402.943/0001-52;2026-12-31;1;158200;GUARARAPES CONFECCOES S.A.;352310;Capital Emitido;2026-04-28;4117197454.32;-;502065599;0;502065599
08.402.943/0001-52;2026-12-31;1;158200;GUARARAPES CONFECCOES S.A.;352311;Capital Subscrito;2026-04-28;4117197454.32;-;502065599;0;502065599
08.402.943/0001-52;2026-12-31;1;158200;GUARARAPES CONFECCOES S.A.;352312;Capital Integralizado;2026-04-28;4117197454.32;-;502065599;0;502065599
08.424.178/0001-71;2026-12-31;1;158172;TECBLU TECELAGEM BLUMENAU S.A.;352265;Capital Subscrito;2006-01-06;44070179.95;;18089;102590;120679
08.439.659/0001-50;2026-12-31;1;158047;CPFL ENERGIAS RENOVÁVEIS S.A.;351992;Capital Emitido;2023-12-18;2632291914.16;Não há;593782504;0;593782504
08.439.659/0001-50;2026-12-31;1;158047;CPFL ENERGIAS RENOVÁVEIS S.A.;351993;Capital Subscrito;2023-12-18;2632291914.16;Não há;593782504;0;593782504
08.439.659/0001-50;2026-12-31;1;158047;CPFL ENERGIAS RENOVÁVEIS S.A.;351994;Capital Integralizado;2023-12-18;2632291914.16;;593782504;0;593782504
08.439.659/0001-50;2026-12-31;1;158047;CPFL ENERGIAS RENOVÁVEIS S.A.;351995;Capital Autorizado;2012-05-31;0.00;;0;0;0
08.534.605/0001-74;2026-12-31;2;158454;RENOVA ENERGIA S.A.;352921;Capital Integralizado;2025-09-18;4706879256.79;;310743613;62370987;373114600
08.560.444/0001-93;2026-12-31;1;158083;CIA CELG DE PARTICIPACOES - CELGPAR;352049;Capital Subscrito;2023-08-17;602350701.85;30;79676502;0;79676502
08.764.621/0001-53;2026-12-31;1;158327;GENERAL SHOPPING E OUTLETS DO BRASIL BRASIL S.A.;352611;Capital Emitido;2019-12-11;389625569.00;;1928769;0;1928769
08.764.621/0001-53;2026-12-31;1;158327;GENERAL SHOPPING E OUTLETS DO BRASIL BRASIL S.A.;352612;Capital Subscrito;2019-12-11;389625569.00;;1928769;0;1928769
08.764.621/0001-53;2026-12-31;1;158327;GENERAL SHOPPING E OUTLETS DO BRASIL BRASIL S.A.;352613;Capital Integralizado;2019-12-11;389625569.00;;1928769;0;1928769
08.764.621/0001-53;2026-12-31;1;158327;GENERAL SHOPPING E OUTLETS DO BRASIL BRASIL S.A.;352614;Capital Autorizado;2016-04-29;389625569.00;;95000000;0;95000000
08.795.211/0001-70;2026-12-31;1;158264;MAESTRO LOCADORA DE VEICULOS S.A.;352474;Capital Integralizado;2024-04-19;55500633.05;N/A;26009820;0;26009820
08.795.211/0001-70;2026-12-31;1;158264;MAESTRO LOCADORA DE VEICULOS S.A.;352475;Capital Autorizado;2024-04-19;3765643.83;N/A;0;0;0
08.795.211/0001-70;2026-12-31;1;158264;MAESTRO LOCADORA DE VEICULOS S.A.;352476;Capital Emitido;2024-04-19;55500633.05;N/A;26009820;0;26009820
08.795.211/0001-70;2026-12-31;1;158264;MAESTRO LOCADORA DE VEICULOS S.A.;352477;Capital Subscrito;2024-04-19;55500633.05;N/A;26009820;0;26009820
08.797.760/0001-83;2026-12-31;1;158336;CURY CONSTRUTORA E INCORPORADORA S.A.;352640;Capital Emitido;2026-04-17;658059564.10;;308047594;0;308047594
08.797.760/0001-83;2026-12-31;1;158336;CURY CONSTRUTORA E INCORPORADORA S.A.;352641;Capital Subscrito;2026-04-17;658059564.10;;308047594;0;308047594
08.797.760/0001-83;2026-12-31;1;158336;CURY CONSTRUTORA E INCORPORADORA S.A.;352642;Capital Integralizado;2026-04-17;658059564.10;;308047594;0;308047594
08.797.760/0001-83;2026-12-31;1;158336;CURY CONSTRUTORA E INCORPORADORA S.A.;352643;Capital Autorizado;2024-04-30;341940435.90;;0;0;0
08.807.432/0001-10;2026-12-31;1;158384;YDUQS PARTICIPACOES S.A.;352746;Capital Autorizado;2007-03-31;0.00;Não aplicável;1000000000;0;1000000000
08.807.432/0001-10;2026-12-31;1;158384;YDUQS PARTICIPACOES S.A.;352747;Capital Integralizado;2025-03-17;1139887263.22;Não aplicável;274088851;0;274088851
08.807.432/0001-10;2026-12-31;1;158384;YDUQS PARTICIPACOES S.A.;352748;Capital Subscrito;2025-03-17;1139887263.22;Não aplicável;274088851;0;274088851
08.807.432/0001-10;2026-12-31;1;158384;YDUQS PARTICIPACOES S.A.;352749;Capital Emitido;2025-03-17;1139887263.22;Não aplicável;274088851;0;274088851
08.811.643/0001-27;2026-12-31;1;158401;TRISUL S.A.;352793;Capital Autorizado;2026-04-16;0.00;;350000000;0;350000000
08.811.643/0001-27;2026-12-31;1;158401;TRISUL S.A.;352794;Capital Emitido;2025-12-09;1342080000.00;;242617538;0;242617538
08.811.643/0001-27;2026-12-31;1;158401;TRISUL S.A.;352795;Capital Subscrito;2025-12-09;1342080000.00;;242617538;0;242617538
08.811.643/0001-27;2026-12-31;1;158401;TRISUL S.A.;352796;Capital Integralizado;2025-12-09;1342080000.00;;242617538;0;242617538
08.827.501/0001-58;2026-12-31;1;158549;AEGEA SANEAMENTO E PARTICIPAÇÕES S.A.;353175;Capital Integralizado;2026-03-02;1282691762.49;03/03/2026;754167042;310300113;1064467155
08.827.501/0001-58;2026-12-31;1;158549;AEGEA SANEAMENTO E PARTICIPAÇÕES S.A.;353176;Capital Subscrito;2026-03-02;1282691762.49;03/03/2026;754167042;310300113;1064467155
08.827.501/0001-58;2026-12-31;1;158549;AEGEA SANEAMENTO E PARTICIPAÇÕES S.A.;353177;Capital Emitido;2026-03-02;1282691762.49;03/03/2026;754167042;310300113;1064467155
08.845.676/0001-98;2026-12-31;1;158555;CORPÓREOS - SERVIÇOS TERAPÊUTICOS S.A.;353193;Capital Emitido;2025-11-28;1279520332.03;Totalmente integralizado;1596825882;0;1596825882
08.845.676/0001-98;2026-12-31;1;158555;CORPÓREOS - SERVIÇOS TERAPÊUTICOS S.A.;353194;Capital Subscrito;2025-11-28;1279520332.03;Totalmente integralizado;1596825882;0;1596825882
08.845.676/0001-98;2026-12-31;1;158555;CORPÓREOS - SERVIÇOS TERAPÊUTICOS S.A.;353195;Capital Integralizado;2025-11-28;1279520332.03;Totalmente integralizado;1596825882;0;1596825882
08.845.676/0001-98;2026-12-31;1;158555;CORPÓREOS - SERVIÇOS TERAPÊUTICOS S.A.;353196;Capital Autorizado;2024-06-06;477976278.00;n/a;477976278;0;477976278
08.873.873/0001-10;2026-12-31;1;158111;ECORODOVIAS CONCESSÕES E SERVIÇOS S.A.;352111;Capital Emitido;2025-11-19;2899395696.72;;2899395697;0;2899395697
08.873.873/0001-10;2026-12-31;1;158111;ECORODOVIAS CONCESSÕES E SERVIÇOS S.A.;352112;Capital Integralizado;2025-11-19;2899395696.72;;2899395697;0;2899395697
08.873.873/0001-10;2026-12-31;1;158111;ECORODOVIAS CONCESSÕES E SERVIÇOS S.A.;352113;Capital Autorizado;2025-11-19;600604303.28;;0;0;0
08.873.873/0001-10;2026-12-31;1;158111;ECORODOVIAS CONCESSÕES E SERVIÇOS S.A.;352114;Capital Subscrito;2025-11-19;2899395696.72;;2899395697;0;2899395697
08.902.291/0001-15;2026-12-31;1;157996;CSN MINERAÇÃO S.A.;351913;Capital Emitido;2026-03-27;7473979884.36;Não aplicável;5432044538;0;5432044538
08.902.291/0001-15;2026-12-31;1;157996;CSN MINERAÇÃO S.A.;351914;Capital Subscrito;2026-03-27;7473979884.36;Não aplicável;5432044538;0;5432044538
08.902.291/0001-15;2026-12-31;1;157996;CSN MINERAÇÃO S.A.;351915;Capital Integralizado;2026-03-27;7473979884.36;;5432044538;0;5432044538
08.902.291/0001-15;2026-12-31;1;157996;CSN MINERAÇÃO S.A.;351916;Capital Autorizado;2026-03-27;1800000000.00;;0;0;0
08.926.302/0001-05;2026-12-31;1;158391;PRIO FORTE S.A.;352766;Capital Emitido;2025-04-28;17059287366.83;;6342218170;0;6342218170
08.926.302/0001-05;2026-12-31;1;158391;PRIO FORTE S.A.;352767;Capital Subscrito;2025-04-28;17059287366.83;;6342218170;0;6342218170
08.926.302/0001-05;2026-12-31;1;158391;PRIO FORTE S.A.;352768;Capital Integralizado;2025-04-28;17059287366.83;;6342218170;0;6342218170
08.926.302/0001-05;2026-12-31;1;158391;PRIO FORTE S.A.;352769;Capital Autorizado;2021-11-22;28014745207.66;;0;0;0
09.042.817/0001-05;2026-12-31;1;158414;BEMOBI MOBILE TECH S.A.;352828;Capital Emitido;2024-08-28;1277508722.55;N/A;85608392;0;85608392
09.042.817/0001-05;2026-12-31;1;158414;BEMOBI MOBILE TECH S.A.;352829;Capital Subscrito;2024-08-28;1277508722.55;N/A;85608392;0;85608392
09.042.817/0001-05;2026-12-31;1;158414;BEMOBI MOBILE TECH S.A.;352830;Capital Integralizado;2024-08-28;1277508722.55;N/A;85608392;0;85608392
09.042.817/0001-05;2026-12-31;1;158414;BEMOBI MOBILE TECH S.A.;352831;Capital Autorizado;2020-10-13;0.00;N/A;100000000;0;100000000
09.054.385/0001-44;2026-12-31;1;158139;INBRANDS S.A.;352191;Capital Emitido;2019-07-29;452948516.09;;138442514;0;138442514
09.054.385/0001-44;2026-12-31;1;158139;INBRANDS S.A.;352192;Capital Subscrito;2019-07-29;452948516.09;;138442514;0;138442514
09.054.385/0001-44;2026-12-31;1;158139;INBRANDS S.A.;352193;Capital Integralizado;2019-07-29;452948516.09;;138442514;0;138442514
09.054.385/0001-44;2026-12-31;1;158139;INBRANDS S.A.;352194;Capital Autorizado;2015-09-30;0.00;;200000000;0;200000000
09.074.183/0001-64;2026-12-31;1;158279;TRANSBRASILIANA CONCESSIONÁRIA DE RODOVIA S.A;352510;Capital Integralizado;2018-04-27;320535271.00;;428071225;0;428071225
09.074.183/0001-64;2026-12-31;1;158279;TRANSBRASILIANA CONCESSIONÁRIA DE RODOVIA S.A;352511;Capital Integralizado;2017-12-29;207090023.64;;314625978;0;314625978
09.074.183/0001-64;2026-12-31;1;158279;TRANSBRASILIANA CONCESSIONÁRIA DE RODOVIA S.A;352512;Capital Integralizado;2013-11-14;124621152.64;;232157107;0;232157107
09.074.183/0001-64;2026-12-31;1;158279;TRANSBRASILIANA CONCESSIONÁRIA DE RODOVIA S.A;352513;Capital Integralizado;2013-08-08;116621252.64;;217254080;0;217254080
09.074.183/0001-64;2026-12-31;1;158279;TRANSBRASILIANA CONCESSIONÁRIA DE RODOVIA S.A;352514;Capital Integralizado;2013-07-01;114621252.64;;213528274;0;213528274
09.074.183/0001-64;2026-12-31;1;158279;TRANSBRASILIANA CONCESSIONÁRIA DE RODOVIA S.A;352515;Capital Integralizado;2013-05-15;109621252.64;;204213759;0;204213759
09.074.183/0001-64;2026-12-31;1;158279;TRANSBRASILIANA CONCESSIONÁRIA DE RODOVIA S.A;352516;Capital Integralizado;2012-11-12;104621252.64;;194899244;0;194899244
09.074.183/0001-64;2026-12-31;1;158279;TRANSBRASILIANA CONCESSIONÁRIA DE RODOVIA S.A;352517;Capital Subscrito;2010-12-22;103421252.64;22/12/2010;192663760;0;192663760
09.074.183/0001-64;2026-12-31;1;158279;TRANSBRASILIANA CONCESSIONÁRIA DE RODOVIA S.A;352518;Capital Integralizado;2010-12-22;103421252.64;;192663760;0;192663760
09.074.183/0001-64;2026-12-31;1;158279;TRANSBRASILIANA CONCESSIONÁRIA DE RODOVIA S.A;352519;Capital Autorizado;2021-08-13;220535271.00;;428071225;0;428071225
09.074.183/0001-64;2026-12-31;1;158279;TRANSBRASILIANA CONCESSIONÁRIA DE RODOVIA S.A;352520;Capital Emitido;2024-12-23;283956061.53;;428071225;0;428071225
09.095.183/0001-40;2026-12-31;1;158260;ENERGISA PARAÍBA - DISTRIBUIDORA DE ENERGIA S/A;352462;Capital Emitido;2026-04-24;770348771.33;N/A;1047489;0;1047489
09.095.183/0001-40;2026-12-31;1;158260;ENERGISA PARAÍBA - DISTRIBUIDORA DE ENERGIA S/A;352463;Capital Subscrito;2026-04-24;770348771.33;N/A;1047489;0;1047489
09.095.183/0001-40;2026-12-31;1;158260;ENERGISA PARAÍBA - DISTRIBUIDORA DE ENERGIA S/A;352464;Capital Integralizado;2026-04-24;770348771.33;N/A;1047489;0;1047489
09.095.183/0001-40;2026-12-31;1;158260;ENERGISA PARAÍBA - DISTRIBUIDORA DE ENERGIA S/A;352465;Capital Autorizado;2013-04-24;0.00;N/A;6000000;0;6000000
09.114.805/0001-30;2026-12-31;2;158226;OCEANPACT SERVIÇOS MARITIMOS S.A.;352394;Capital Emitido;2021-02-10;842999412.29;N/A;199959554;0;199959554
09.114.805/0001-30;2026-12-31;2;158226;OCEANPACT SERVIÇOS MARITIMOS S.A.;352395;Capital Autorizado;2020-12-07;0.00;N/A;100040446;0;100040446
09.114.805/0001-30;2026-12-31;2;158226;OCEANPACT SERVIÇOS MARITIMOS S.A.;352396;Capital Integralizado;2021-02-10;842999412.29;N/A;199959554;0;199959554
09.114.805/0001-30;2026-12-31;2;158226;OCEANPACT SERVIÇOS MARITIMOS S.A.;352397;Capital Subscrito;2021-02-10;842999412.29;N/A;199959554;0;199959554
09.146.451/0001-06;2026-12-31;1;158405;KALLAS INCORPORAÇÕES E CONSTRUÇÕES S.A.;352804;Capital Emitido;2023-12-27;917825287.45;n.a.;152183;0;152183
09.146.451/0001-06;2026-12-31;1;158405;KALLAS INCORPORAÇÕES E CONSTRUÇÕES S.A.;352805;Capital Subscrito;2023-12-27;917825287.45;N/A;152183;0;152183
09.146.451/0001-06;2026-12-31;1;158405;KALLAS INCORPORAÇÕES E CONSTRUÇÕES S.A.;352806;Capital Integralizado;2023-06-27;917825287.45;N/A;152183;0;152183
09.146.451/0001-06;2026-12-31;1;158405;KALLAS INCORPORAÇÕES E CONSTRUÇÕES S.A.;352807;Capital Autorizado;2020-09-20;3000000000.00;N/A;83260;0;83260
09.149.503/0001-06;2026-12-31;1;158633;SERENA GERAÇÃO S.A.;353405;Capital Integralizado;2021-12-27;3968679278.04;-;200274405;0;200274405
09.149.503/0001-06;2026-12-31;1;158633;SERENA GERAÇÃO S.A.;353406;Capital Subscrito;2021-12-27;3968679278.04;-;200274405;0;200274405
09.149.503/0001-06;2026-12-31;1;158633;SERENA GERAÇÃO S.A.;353407;Capital Autorizado;2020-04-30;6000000000.00;-;0;0;0
09.149.503/0001-06;2026-12-31;1;158633;SERENA GERAÇÃO S.A.;353408;Capital Emitido;2021-12-27;3968679278.04;;200274405;0;200274405
09.229.201/0001-30;2026-12-31;1;158630;GPS PARTICIPAÇÕES E EMPREENDIMENTOS S.A.;353397;Capital Emitido;2026-03-24;3430648782.36;Totalmente integralizado;752350487;0;752350487
09.229.201/0001-30;2026-12-31;1;158630;GPS PARTICIPAÇÕES E EMPREENDIMENTOS S.A.;353398;Capital Subscrito;2026-03-24;3430648782.36;Totalmente integralizado;752350487;0;752350487
09.229.201/0001-30;2026-12-31;1;158630;GPS PARTICIPAÇÕES E EMPREENDIMENTOS S.A.;353399;Capital Integralizado;2026-03-24;3430648782.36;Totalmente integralizado;752350487;0;752350487
09.229.201/0001-30;2026-12-31;1;158630;GPS PARTICIPAÇÕES E EMPREENDIMENTOS S.A.;353400;Capital Autorizado;2026-04-10;2750000000.00;;0;0;0
09.288.252/0001-32;2026-12-31;1;158594;ANIMA HOLDING S.A.;353292;Capital Integralizado;2021-02-18;2569624313.76;;403868805;0;403868805
09.288.252/0001-32;2026-12-31;1;158594;ANIMA HOLDING S.A.;353293;Capital Autorizado;2020-11-23;4000000000.00;;0;0;0
09.295.063/0001-97;2026-12-31;1;158357;TECHNOS S.A.;352683;Capital Subscrito;2025-12-10;130583886.69;;60906215;0;60906215
09.295.063/0001-97;2026-12-31;1;158357;TECHNOS S.A.;352684;Capital Integralizado;2025-12-10;130583886.69;;60906215;0;60906215
09.295.063/0001-97;2026-12-31;1;158357;TECHNOS S.A.;352685;Capital Emitido;2014-07-15;130583886.69;;60906215;0;60906215
09.295.063/0001-97;2026-12-31;1;158357;TECHNOS S.A.;352686;Capital Autorizado;2014-07-15;130583886.69;;139093785;0;139093785
09.305.994/0001-29;2026-12-31;1;158427;AZUL S.A.;352858;Capital Emitido;2026-03-25;21756852177.69;;366088586;0;366088586
09.305.994/0001-29;2026-12-31;1;158427;AZUL S.A.;352859;Capital Subscrito;2026-03-25;21756852177.69;;366088586;0;366088586
09.305.994/0001-29;2026-12-31;1;158427;AZUL S.A.;352860;Capital Integralizado;2026-03-25;21756852177.69;;366088586;0;366088586
09.305.994/0001-29;2026-12-31;1;158427;AZUL S.A.;352861;Capital Autorizado;2026-03-25;10630775718.77;;0;0;0
09.313.969/0001-97;2026-12-31;1;157824;AUTOPISTA LITORAL SUL;351557;Capital Emitido;2023-04-28;3893219738.79;N.A;4158155555;0;4158155555
09.313.969/0001-97;2026-12-31;1;157824;AUTOPISTA LITORAL SUL;351558;Capital Subscrito;2023-04-28;3893219738.79;N.A;4158155555;0;4158155555
09.313.969/0001-97;2026-12-31;1;157824;AUTOPISTA LITORAL SUL;351559;Capital Integralizado;2023-04-28;3893219738.79;N.A;4158155555;0;4158155555
09.324.949/0001-11;2026-12-31;1;157878;AUTOPISTA FLUMINENSE SA;351683;Capital Subscrito;2026-02-02;1193310477.57;;854623697;0;854623697
09.324.949/0001-11;2026-12-31;1;157878;AUTOPISTA FLUMINENSE SA;351684;Capital Integralizado;2026-02-02;1193310477.57;;854623697;0;854623697
09.324.949/0001-11;2026-12-31;1;157878;AUTOPISTA FLUMINENSE SA;351685;Capital Autorizado;2026-02-02;1193310447.57;;854623697;0;854623697
09.325.109/0001-73;2026-12-31;1;157872;AUTOPISTA PLANALTO SUL SA;351667;Capital Emitido;2025-04-23;878034052.17;não aplicável;1721076003;0;1721076003
09.325.109/0001-73;2026-12-31;1;157872;AUTOPISTA PLANALTO SUL SA;351668;Capital Subscrito;2025-04-23;878034052.17;Não aplicável;1721076003;0;1721076003
09.325.109/0001-73;2026-12-31;1;157872;AUTOPISTA PLANALTO SUL SA;351669;Capital Integralizado;2025-04-23;878034052.17;;1721076003;0;1721076003
09.336.431/0001-06;2026-12-31;1;157851;AUTOPISTA REGIS BITTENCOURT SA;351620;Capital Emitido;2023-04-28;978785421.84;N/A;747759759;0;747759759
09.336.431/0001-06;2026-12-31;1;157851;AUTOPISTA REGIS BITTENCOURT SA;351621;Capital Subscrito;2023-04-28;978785421.84;N/A;747759759;0;747759759
09.336.431/0001-06;2026-12-31;1;157851;AUTOPISTA REGIS BITTENCOURT SA;351622;Capital Integralizado;2023-04-28;976785421.84;24 meses;747759759;0;747759759
09.346.601/0001-25;2026-12-31;1;155098;B3 S.A. - BRASIL, BOLSA, BALCÃO;347343;Capital Autorizado;2021-05-10;0.00;N/A;7500000000;0;7500000000
09.346.601/0001-25;2026-12-31;1;155098;B3 S.A. - BRASIL, BOLSA, BALCÃO;347344;Capital Subscrito;2026-02-26;12898655563.88;N/A;5046500000;0;5046500000
09.346.601/0001-25;2026-12-31;1;155098;B3 S.A. - BRASIL, BOLSA, BALCÃO;347345;Capital Integralizado;2026-02-26;12898655563.88;N/A;5046500000;0;5046500000
09.346.601/0001-25;2026-12-31;1;155098;B3 S.A. - BRASIL, BOLSA, BALCÃO;347346;Capital Emitido;2026-02-26;12898655563.88;N/A;5046500000;0;5046500000
09.346.601/0001-25;2026-12-31;1;158176;B3 S.A. - BRASIL, BOLSA, BALCÃO;352272;Capital Autorizado;2021-05-10;0.00;N/A;7500000000;0;7500000000
09.346.601/0001-25;2026-12-31;1;158176;B3 S.A. - BRASIL, BOLSA, BALCÃO;352273;Capital Subscrito;2026-02-26;12898655563.88;N/A;5046500000;0;5046500000
09.346.601/0001-25;2026-12-31;1;158176;B3 S.A. - BRASIL, BOLSA, BALCÃO;352274;Capital Integralizado;2026-02-26;12898655563.88;N/A;5046500000;0;5046500000
09.346.601/0001-25;2026-12-31;1;158176;B3 S.A. - BRASIL, BOLSA, BALCÃO;352275;Capital Emitido;2026-02-26;12898655563.88;N/A;5046500000;0;5046500000
09.391.823/0001-60;2026-12-31;1;158166;SANTO ANTONIO ENERGIA S.A.;352246;Capital Emitido;2024-12-18;15716969251.40;Chamada de redução capital;1801134793836;0;1801134793836
09.391.823/0001-60;2026-12-31;1;158166;SANTO ANTONIO ENERGIA S.A.;352247;Capital Subscrito;2024-12-18;15716969251.40;Chamada de redução de capital;1801134793836;0;1801134793836
09.391.823/0001-60;2026-12-31;1;158166;SANTO ANTONIO ENERGIA S.A.;352248;Capital Integralizado;2024-12-18;15716969251.40;N/A;1801134793836;0;1801134793836
09.414.761/0001-64;2026-12-31;1;156150;K-INFRA RODOVIA DO AÇO S.A.;348824;Capital Integralizado;2018-11-23;438326889.00;;438326889;0;438326889
09.538.973/0001-53;2026-12-31;1;158544;PDG COMPANHIA SECURITIZADORA;353161;Capital Subscrito;2024-04-26;1932239.89;;844231;0;844231
09.538.973/0001-53;2026-12-31;1;158544;PDG COMPANHIA SECURITIZADORA;353162;Capital Integralizado;2024-04-26;1932239.89;;844231;0;844231
09.584.854/0001-37;2026-12-31;1;158230;MANAUS TRANSMISSORA DE ENERGIA S.A;352401;Capital Autorizado;2021-09-27;3000000000.00;;0;0;0
09.584.854/0001-37;2026-12-31;1;158230;MANAUS TRANSMISSORA DE ENERGIA S.A;352402;Capital Emitido;2015-12-15;1115333123.00;;1255333123;0;1255333123
09.584.854/0001-37;2026-12-31;1;158230;MANAUS TRANSMISSORA DE ENERGIA S.A;352403;Capital Subscrito;2015-12-15;1115333123.00;;1255333123;0;1255333123
09.584.854/0001-37;2026-12-31;1;158230;MANAUS TRANSMISSORA DE ENERGIA S.A;352404;Capital Integralizado;2025-02-24;915333123.00;;1255333123;0;1255333123
09.611.768/0001-76;2026-12-31;1;158647;INC EMPREENDIMENTOS IMOBILIÁRIOS S.A.;353428;Capital Autorizado;2020-06-09;600000000.00;;0;0;0
09.611.768/0001-76;2026-12-31;1;158647;INC EMPREENDIMENTOS IMOBILIÁRIOS S.A.;353429;Capital Emitido;2020-04-30;87206313.34;;86885350;0;86885350
09.611.768/0001-76;2026-12-31;1;158647;INC EMPREENDIMENTOS IMOBILIÁRIOS S.A.;353430;Capital Subscrito;2020-04-30;87206313.34;;86885350;0;86885350
09.611.768/0001-76;2026-12-31;1;158647;INC EMPREENDIMENTOS IMOBILIÁRIOS S.A.;353431;Capital Integralizado;2020-04-30;87206313.34;;86885350;0;86885350
09.625.321/0001-56;2026-12-31;1;158232;NORTE BRASIL TRANSMISSORA DE ENERGIA S.A.;352405;Capital Emitido;2014-12-03;1687300000.86;;1687300000;0;1687300000
09.625.321/0001-56;2026-12-31;1;158232;NORTE BRASIL TRANSMISSORA DE ENERGIA S.A.;352406;Capital Subscrito;2014-12-03;1687300000.86;;1687300000;0;1687300000
09.625.321/0001-56;2026-12-31;1;158232;NORTE BRASIL TRANSMISSORA DE ENERGIA S.A.;352407;Capital Integralizado;2014-12-03;1687300000.86;;1687300000;0;1687300000
09.625.321/0001-56;2026-12-31;1;158232;NORTE BRASIL TRANSMISSORA DE ENERGIA S.A.;352408;Capital Autorizado;2014-12-03;1687400000.00;;1687300000;0;1687300000
10.139.870/0001-08;2026-12-31;1;158428;NEOGRID PARTICIPAÇÕES S.A.;352856;Capital Integralizado;2020-12-15;469907564.00;N/A;9140944;0;9140944
10.139.870/0001-08;2026-12-31;1;158428;NEOGRID PARTICIPAÇÕES S.A.;352857;Capital Autorizado;2020-10-19;800000000.00;N/A;0;0;0
10.158.356/0001-01;2026-12-31;1;158627;CPX DISTRIBUIDORA S.A.;353389;Capital Integralizado;2025-04-16;528128330.00;;57312220;0;57312220
10.158.356/0001-01;2026-12-31;1;158627;CPX DISTRIBUIDORA S.A.;353390;Capital Emitido;2025-04-16;528128330.00;;57312220;0;57312220
10.158.356/0001-01;2026-12-31;1;158627;CPX DISTRIBUIDORA S.A.;353391;Capital Subscrito;2025-04-16;528128330.00;;57312220;0;57312220
10.158.356/0001-01;2026-12-31;1;158627;CPX DISTRIBUIDORA S.A.;353392;Capital Autorizado;2025-04-16;0.00;;0;0;0
10.234.027/0001-00;2026-12-31;1;158516;LINHAS DE MACAPÁ TRANSMISSORA DE ENERGIA S/A;353096;Capital Emitido;2018-05-08;667013209.00;N/A;667013209;0;667013209
10.234.027/0001-00;2026-12-31;1;158516;LINHAS DE MACAPÁ TRANSMISSORA DE ENERGIA S/A;353097;Capital Subscrito;2018-05-08;667013209.00;N/A;667013209;0;667013209
10.234.027/0001-00;2026-12-31;1;158516;LINHAS DE MACAPÁ TRANSMISSORA DE ENERGIA S/A;353098;Capital Integralizado;2018-05-08;667013209.00;N/A;667013209;0;667013209
10.240.186/0001-00;2026-12-31;1;158522;LINHAS DE XINGU TRANSMISSORA DE ENERGIA S/A;353108;Capital Emitido;2018-05-08;632529094.00;-;632529094;0;632529094
10.240.186/0001-00;2026-12-31;1;158522;LINHAS DE XINGU TRANSMISSORA DE ENERGIA S/A;353109;Capital Integralizado;2018-05-08;632529094.00;N/A;632529094;0;632529094
10.240.186/0001-00;2026-12-31;1;158522;LINHAS DE XINGU TRANSMISSORA DE ENERGIA S/A;353110;Capital Subscrito;2018-05-08;632529094.00;-;632529094;0;632529094
10.319.900/0001-50;2026-12-31;1;158581;REGENERA RIO S.A.;353253;Capital Emitido;2025-12-10;135000273.00;N/A;85000273;0;85000273
10.319.900/0001-50;2026-12-31;1;158581;REGENERA RIO S.A.;353254;Capital Integralizado;2025-12-10;135000273.00;N/A;85000273;0;85000273
10.319.900/0001-50;2026-12-31;1;158581;REGENERA RIO S.A.;353255;Capital Subscrito;2025-12-10;135000273.00;N/A;85000273;0;85000273
10.324.624/0001-18;2026-12-31;1;158513;CONCESSÃO METROVIÁRIA DO RIO DE JANEIRO S.A.;353089;Capital Emitido;2025-10-02;1459820458.28;;1614671591;0;1614671591
10.324.624/0001-18;2026-12-31;1;158513;CONCESSÃO METROVIÁRIA DO RIO DE JANEIRO S.A.;353090;Capital Subscrito;2025-10-02;1459820458.28;;1614671591;0;1614671591
10.324.624/0001-18;2026-12-31;1;158513;CONCESSÃO METROVIÁRIA DO RIO DE JANEIRO S.A.;353091;Capital Integralizado;2025-10-02;1459820458.28;;1614671591;0;1614671591
10.338.320/0001-00;2026-12-31;1;157801;AFLUENTE TRANSMISSÃO DE ENERGIA ELÉTRICA S/A;351490;Capital Emitido;2017-01-31;33084700.00;;63084700;0;63084700
10.338.320/0001-00;2026-12-31;1;157801;AFLUENTE TRANSMISSÃO DE ENERGIA ELÉTRICA S/A;351491;Capital Subscrito;2017-01-31;33084700.00;;63084700;0;63084700
10.338.320/0001-00;2026-12-31;1;157801;AFLUENTE TRANSMISSÃO DE ENERGIA ELÉTRICA S/A;351492;Capital Integralizado;2017-01-31;33084700.00;;63084700;0;63084700
10.338.320/0001-00;2026-12-31;1;157801;AFLUENTE TRANSMISSÃO DE ENERGIA ELÉTRICA S/A;351493;Capital Autorizado;2008-12-23;70000000.00;;0;0;0
10.531.501/0001-58;2026-12-31;2;158576;CONC AUTO RAPOSO TAVARES S.A.;353238;Capital Emitido;2024-12-18;1586774518.96;;6301299488;6301299487;12602598975
10.531.501/0001-58;2026-12-31;2;158576;CONC AUTO RAPOSO TAVARES S.A.;353239;Capital Subscrito;2024-12-18;1586774518.96;;6301299488;6301299487;12602598975
10.531.501/0001-58;2026-12-31;2;158576;CONC AUTO RAPOSO TAVARES S.A.;353240;Capital Integralizado;2024-12-18;1586774518.96;;6301299488;6301299487;12602598975
10.571.175/0001-02;2026-12-31;1;158490;URBA DESENVOLVIMENTO URBANO S.A.;353033;Capital Emitido;2024-07-30;198531216.28;Até 30/07/2024;146922907;0;146922907
10.571.175/0001-02;2026-12-31;1;158490;URBA DESENVOLVIMENTO URBANO S.A.;353034;Capital Subscrito;2024-07-30;198531216.28;Até 30/07/2024;146922907;0;146922907
10.571.175/0001-02;2026-12-31;1;158490;URBA DESENVOLVIMENTO URBANO S.A.;353035;Capital Integralizado;2024-07-30;198531216.28;Não aplicável;146922907;0;146922907
10.571.175/0001-02;2026-12-31;1;158490;URBA DESENVOLVIMENTO URBANO S.A.;353036;Capital Autorizado;2012-06-29;2000000000.00;Não aplicável;0;0;0
10.629.105/0001-68;2026-12-31;1;158386;PRIO S.A.;352754;Capital Emitido;2026-01-02;15824780017.34;;872495263;0;872495263
10.629.105/0001-68;2026-12-31;1;158386;PRIO S.A.;352755;Capital Subscrito;2026-01-02;15824780017.34;;872495263;0;872495263
10.629.105/0001-68;2026-12-31;1;158386;PRIO S.A.;352756;Capital Integralizado;2026-01-02;15824780017.34;;872495263;0;872495263
10.629.105/0001-68;2026-12-31;1;158386;PRIO S.A.;352757;Capital Autorizado;2024-12-20;0.00;;400614352;0;400614352
10.739.356/0001-03;2026-12-31;2;158394;BRBI BR PARTNERS S.A;352775;Capital Emitido;2022-01-25;674940442.77;Totalmente integralizado;200546184;114440928;314987112
10.739.356/0001-03;2026-12-31;2;158394;BRBI BR PARTNERS S.A;352776;Capital Subscrito;2022-01-25;674940442.77;Totalmente integralizado;200546184;114440928;314987112
10.739.356/0001-03;2026-12-31;2;158394;BRBI BR PARTNERS S.A;352777;Capital Integralizado;2022-01-25;674940442.77;Totalmente integralizado;200546184;114440928;314987112
10.739.356/0001-03;2026-12-31;2;158394;BRBI BR PARTNERS S.A;352778;Capital Autorizado;2020-09-01;0.00;;0;0;200000000
10.760.260/0001-19;2026-12-31;1;158235;CVC BRASIL OPERADORA E AGÊNCIA DE VIAGENS S.A.;352410;Capital Subscrito;2023-11-24;1755263701.98;N/A;525591097;0;525591097
10.760.260/0001-19;2026-12-31;1;158235;CVC BRASIL OPERADORA E AGÊNCIA DE VIAGENS S.A.;352411;Capital Emitido;2023-11-24;1755263701.98;N/A;525591097;0;525591097
10.760.260/0001-19;2026-12-31;1;158235;CVC BRASIL OPERADORA E AGÊNCIA DE VIAGENS S.A.;352412;Capital Integralizado;2023-11-24;1755263701.98;N/A;525591097;0;525591097
10.760.260/0001-19;2026-12-31;1;158235;CVC BRASIL OPERADORA E AGÊNCIA DE VIAGENS S.A.;352413;Capital Autorizado;2011-08-03;5000000000.00;N/A;0;0;0
10.835.932/0001-08;2026-12-31;1;157811;CIA ENERGETICA DE PERNAMBUCO - CELPE;351524;Capital Integralizado;2026-04-24;2663177693.34;31/12/2026;288315317;7647788;295963105
10.835.932/0001-08;2026-12-31;1;157811;CIA ENERGETICA DE PERNAMBUCO - CELPE;351525;Capital Autorizado;2025-12-01;2700000000.00;;0;0;0
10.835.932/0001-08;2026-12-31;1;157811;CIA ENERGETICA DE PERNAMBUCO - CELPE;351526;Capital Subscrito;2026-04-24;2663177693.34;;288315317;7647788;295963105
10.835.932/0001-08;2026-12-31;1;157811;CIA ENERGETICA DE PERNAMBUCO - CELPE;351527;Capital Emitido;2026-04-24;2663177693.34;;288315317;7647788;295963105
10.841.050/0001-55;2026-12-31;1;158116;CONC ROD AYRTON SENNA E CARV PINTO S.A.-ECOPISTAS;352128;Capital Emitido;2023-06-13;287664883.37;;287664883;0;287664883
10.841.050/0001-55;2026-12-31;1;158116;CONC ROD AYRTON SENNA E CARV PINTO S.A.-ECOPISTAS;352129;Capital Subscrito;2023-06-13;287664883.37;;287664883;0;287664883
10.841.050/0001-55;2026-12-31;1;158116;CONC ROD AYRTON SENNA E CARV PINTO S.A.-ECOPISTAS;352130;Capital Integralizado;2023-06-13;287664883.37;;287664883;0;287664883
10.841.050/0001-55;2026-12-31;1;158116;CONC ROD AYRTON SENNA E CARV PINTO S.A.-ECOPISTAS;352131;Capital Autorizado;2020-05-06;428790103.63;;0;0;0
11.421.994/0001-36;2026-12-31;1;158619;ORIZON VALORIZAÇÃO DE RESÍDUOS S.A.;353366;Capital Emitido;2025-05-23;1191126956.34;Não aplicável;96126871;0;96126871
11.421.994/0001-36;2026-12-31;1;158619;ORIZON VALORIZAÇÃO DE RESÍDUOS S.A.;353367;Capital Subscrito;2025-05-28;1191126956.34;Não aplicável;96126871;0;96126871
11.421.994/0001-36;2026-12-31;1;158619;ORIZON VALORIZAÇÃO DE RESÍDUOS S.A.;353368;Capital Integralizado;2025-05-28;1191126956.34;;96126871;0;96126871
11.421.994/0001-36;2026-12-31;1;158619;ORIZON VALORIZAÇÃO DE RESÍDUOS S.A.;353369;Capital Autorizado;2025-05-23;2864917667.60;;0;0;0
11.992.680/0001-93;2026-12-31;1;158387;QUALICORP CONSULTORIA E CORRETORA DE SEGUROS S.A.;352758;Capital Emitido;2019-11-12;896557588.73;N/A;284014325;0;284014325
11.992.680/0001-93;2026-12-31;1;158387;QUALICORP CONSULTORIA E CORRETORA DE SEGUROS S.A.;352759;Capital Subscrito;2019-11-12;896557588.73;N/A;284014325;0;284014325
11.992.680/0001-93;2026-12-31;1;158387;QUALICORP CONSULTORIA E CORRETORA DE SEGUROS S.A.;352760;Capital Integralizado;2019-11-12;896557588.73;N/A;284014325;0;284014325
11.992.680/0001-93;2026-12-31;1;158387;QUALICORP CONSULTORIA E CORRETORA DE SEGUROS S.A.;352761;Capital Autorizado;2011-05-30;0.00;N/A;350000000;0;350000000
12.049.631/0001-84;2026-12-31;1;158410;MOURA DUBEUX ENGENHARIA S/A;352820;Capital Emitido;2026-01-22;1874138815.28;;104214394;0;104214394
12.049.631/0001-84;2026-12-31;1;158410;MOURA DUBEUX ENGENHARIA S/A;352821;Capital Subscrito;2026-01-22;1874138815.28;;104214394;0;104214394
12.049.631/0001-84;2026-12-31;1;158410;MOURA DUBEUX ENGENHARIA S/A;352822;Capital Integralizado;2026-01-22;1874138815.28;;104214394;0;104214394
12.049.631/0001-84;2026-12-31;1;158410;MOURA DUBEUX ENGENHARIA S/A;352823;Capital Autorizado;2020-02-11;0.00;;100000000;0;100000000
12.091.809/0001-55;2026-12-31;1;158396;BRAVA ENERGIA S.A.;352782;Capital Emitido;2025-09-18;11977517089.53;Não aplicável;464557268;0;464557268
12.091.809/0001-55;2026-12-31;1;158396;BRAVA ENERGIA S.A.;352783;Capital Subscrito;2025-09-18;11977517089.53;Não aplicável;464557268;0;464557268
12.091.809/0001-55;2026-12-31;1;158396;BRAVA ENERGIA S.A.;352784;Capital Integralizado;2025-09-18;11977517089.53;Não aplicável;464557268;0;464557268
12.091.809/0001-55;2026-12-31;1;158396;BRAVA ENERGIA S.A.;352785;Capital Autorizado;2025-09-18;0.00;Não aplicável;1416999623;0;1416999623
12.104.241/0004-02;2026-12-31;2;158602;ONCOCLÍNICAS DO BRASIL SERVIÇOS MÉDICOS S.A.;353313;Capital Integralizado;2025-11-18;4561569423.52;N/A;1132929494;0;1132929494
12.104.241/0004-02;2026-12-31;2;158602;ONCOCLÍNICAS DO BRASIL SERVIÇOS MÉDICOS S.A.;353314;Capital Subscrito;2025-11-18;4561569423.52;N/A;1132929494;0;1132929494
12.104.241/0004-02;2026-12-31;2;158602;ONCOCLÍNICAS DO BRASIL SERVIÇOS MÉDICOS S.A.;353315;Capital Emitido;2025-11-18;4561569423.52;N/A;1132929494;0;1132929494
12.104.241/0004-02;2026-12-31;2;158602;ONCOCLÍNICAS DO BRASIL SERVIÇOS MÉDICOS S.A.;353316;Capital Autorizado;2025-10-08;0.00;N/A;3500000000;0;3500000000
12.108.897/0001-50;2026-12-31;1;158390;D1000 VAREJO FARMA PARTICIPAÇÕES S.A.;352762;Capital Emitido;2020-08-06;1035325236.61;;50602842;0;50602842
12.108.897/0001-50;2026-12-31;1;158390;D1000 VAREJO FARMA PARTICIPAÇÕES S.A.;352763;Capital Subscrito;2020-08-06;1035325236.61;;50602842;0;50602842
12.108.897/0001-50;2026-12-31;1;158390;D1000 VAREJO FARMA PARTICIPAÇÕES S.A.;352764;Capital Integralizado;2020-08-06;1035325236.61;;50602842;0;50602842
12.108.897/0001-50;2026-12-31;1;158390;D1000 VAREJO FARMA PARTICIPAÇÕES S.A.;352765;Capital Autorizado;2020-03-03;1000000000.00;;0;0;0
12.181.987/0001-77;2026-12-31;1;158528;MELNICK DESENVOLVIMENTO IMOBILIÁRIO S.A.;353120;Capital Emitido;2026-04-29;959029255.41;Integralizado;206269341;0;206269341
12.181.987/0001-77;2026-12-31;1;158528;MELNICK DESENVOLVIMENTO IMOBILIÁRIO S.A.;353121;Capital Subscrito;2026-04-29;959029255.41;Integralizado;206269341;0;206269341
12.181.987/0001-77;2026-12-31;1;158528;MELNICK DESENVOLVIMENTO IMOBILIÁRIO S.A.;353122;Capital Integralizado;2026-04-29;959029255.41;Integralizado;206269341;0;206269341
12.181.987/0001-77;2026-12-31;1;158528;MELNICK DESENVOLVIMENTO IMOBILIÁRIO S.A.;353123;Capital Autorizado;2026-04-29;2000000000.00;Não aplicável;0;0;0
12.420.164/0001-57;2026-12-31;1;158501;CM HOSPITALAR S.A;353057;Capital Emitido;2023-08-01;2549392366.31;N/A;322820608;0;322820608
12.420.164/0001-57;2026-12-31;1;158501;CM HOSPITALAR S.A;353058;Capital Subscrito;2023-08-01;2549392366.31;N/A;322820608;0;322820608
12.420.164/0001-57;2026-12-31;1;158501;CM HOSPITALAR S.A;353059;Capital Integralizado;2023-08-01;2549392366.31;N/A;322820608;0;322820608
12.420.164/0001-57;2026-12-31;1;158501;CM HOSPITALAR S.A;353060;Capital Autorizado;2021-02-01;0.00;N/A;966401192;0;966401192
12.489.315/0001-23;2026-12-31;1;158442;FERREIRA GOMES ENERGIA S.A.;352886;Capital Emitido;2020-12-18;818858328.14;;807080529;0;807080529
12.489.315/0001-23;2026-12-31;1;158442;FERREIRA GOMES ENERGIA S.A.;352887;Capital Subscrito;2020-12-18;818858328.14;;807080529;0;807080529
12.489.315/0001-23;2026-12-31;1;158442;FERREIRA GOMES ENERGIA S.A.;352888;Capital Integralizado;2020-12-18;818858328.14;;807080529;0;807080529
12.489.315/0001-23;2026-12-31;1;158442;FERREIRA GOMES ENERGIA S.A.;352889;Capital Autorizado;2014-07-10;0.00;;0;0;0
12.528.708/0001-07;2026-12-31;1;158298;AERIS IND. E COM. DE EQUIP. PARA GER. DE ENG. S.A.;352550;Capital Emitido;2025-04-30;911975004.90;Já subscrito e integralizado;62120196;0;62120196
12.528.708/0001-07;2026-12-31;1;158298;AERIS IND. E COM. DE EQUIP. PARA GER. DE ENG. S.A.;352551;Capital Subscrito;2025-04-30;911975004.90;Já subscrito e integralizado;62120196;0;62120196
12.528.708/0001-07;2026-12-31;1;158298;AERIS IND. E COM. DE EQUIP. PARA GER. DE ENG. S.A.;352552;Capital Integralizado;2025-04-30;911975004.90;Já subscrito e integralizado;62120196;0;62120196
12.528.708/0001-07;2026-12-31;1;158298;AERIS IND. E COM. DE EQUIP. PARA GER. DE ENG. S.A.;352553;Capital Autorizado;2020-08-20;1328024995.17;N/A;766213456;0;766213456
12.592.831/0001-89;2026-12-31;1;158036;MNLT S.A.;351964;Capital Emitido;2022-07-25;524655484.00;N/A;2260490292;10;2260490302
12.592.831/0001-89;2026-12-31;1;158036;MNLT S.A.;351965;Capital Subscrito;2022-07-25;524655484.00;N/A;2260490292;10;2260490302
12.592.831/0001-89;2026-12-31;1;158036;MNLT S.A.;351966;Capital Integralizado;2022-07-25;524655484.00;N/A;2260490292;10;2260490302
12.648.327/0001-53;2026-12-31;2;158618;HIDROVIAS DO BRASIL S.A.;353362;Capital Emitido;2025-05-08;2559468724.73;N/A;1360382643;0;1360382643
12.648.327/0001-53;2026-12-31;2;158618;HIDROVIAS DO BRASIL S.A.;353363;Capital Subscrito;2025-05-08;2559468724.73;N/A;1360382643;0;1360382643
12.648.327/0001-53;2026-12-31;2;158618;HIDROVIAS DO BRASIL S.A.;353364;Capital Integralizado;2025-05-08;2559468724.73;N/A;1360382643;0;1360382643
12.648.327/0001-53;2026-12-31;2;158618;HIDROVIAS DO BRASIL S.A.;353365;Capital Autorizado;2025-04-15;940531275.27;N/A;0;0;0
13.009.717/0001-46;2026-12-31;1;158415;BCO ESTADO DE SERGIPE S.A. - BANESE;352832;Capital Integralizado;2026-05-05;712999983.85;N/A;11540870;11540870;23081740
13.009.717/0001-46;2026-12-31;1;158415;BCO ESTADO DE SERGIPE S.A. - BANESE;352833;Capital Autorizado;2018-02-26;0.00;N/A;10101675;10101675;20203350
13.017.462/0001-63;2026-12-31;1;158254;ENERGISA SERGIPE - DISTRIBUIDORA DE ENERGIA S/A;352446;Capital Emitido;2026-04-24;428939155.86;N/A;195509;0;195509
13.017.462/0001-63;2026-12-31;1;158254;ENERGISA SERGIPE - DISTRIBUIDORA DE ENERGIA S/A;352447;Capital Subscrito;2026-04-24;428939155.86;N/A;195509;0;195509
13.017.462/0001-63;2026-12-31;1;158254;ENERGISA SERGIPE - DISTRIBUIDORA DE ENERGIA S/A;352448;Capital Autorizado;2013-04-24;0.00;N/A;450000;0;450000
13.017.462/0001-63;2026-12-31;1;158254;ENERGISA SERGIPE - DISTRIBUIDORA DE ENERGIA S/A;352449;Capital Integralizado;2026-04-24;428939155.86;N/A;195509;0;195509
13.217.485/0001-11;2026-12-31;1;158469;GRUPO SBF S.A.;352968;Capital Emitido;2026-05-08;1939821719.89;;230663994;0;230663994
13.217.485/0001-11;2026-12-31;1;158469;GRUPO SBF S.A.;352969;Capital Subscrito;2026-05-08;1939821719.89;;230663994;0;230663994
13.217.485/0001-11;2026-12-31;1;158469;GRUPO SBF S.A.;352970;Capital Integralizado;2026-05-08;1939821719.89;;230663994;0;230663994
13.217.485/0001-11;2026-12-31;1;158469;GRUPO SBF S.A.;352971;Capital Autorizado;2017-11-14;0.00;;300000000;0;300000000
13.783.221/0004-78;2026-12-31;1;158645;MADERO INDÚSTRIA E COMÉRCIO S.A.;353416;Capital Emitido;2024-12-05;202394961.06;Totalmente integralizado;314820171;31541101;346361272
13.783.221/0004-78;2026-12-31;1;158645;MADERO INDÚSTRIA E COMÉRCIO S.A.;353417;Capital Subscrito;2024-12-05;202394961.06;Totalmente integralizado;314820171;31541101;346361272
13.783.221/0004-78;2026-12-31;1;158645;MADERO INDÚSTRIA E COMÉRCIO S.A.;353418;Capital Integralizado;2024-12-05;202394961.06;;314820171;31541101;346361272
13.783.221/0004-78;2026-12-31;1;158645;MADERO INDÚSTRIA E COMÉRCIO S.A.;353419;Capital Autorizado;2021-08-26;0.00;;450000000;0;450000000
14.110.585/0001-07;2026-12-31;1;157939;MÉLIUZ S.A.;351831;Capital Emitido;2026-01-05;570778398.45;-;113226097;0;113226097
14.110.585/0001-07;2026-12-31;1;157939;MÉLIUZ S.A.;351832;Capital Subscrito;2026-01-05;570778398.45;-;113226097;0;113226097
14.110.585/0001-07;2026-12-31;1;157939;MÉLIUZ S.A.;351833;Capital Integralizado;2026-01-05;570778398.45;-;113226097;0;113226097
14.110.585/0001-07;2026-12-31;1;157939;MÉLIUZ S.A.;351834;Capital Autorizado;2025-06-30;9049601066.91;;0;0;0
14.388.334/0001-99;2026-12-31;1;158363;PARANA BCO S.A.;352699;Capital Emitido;2025-12-23;1000000000.00;;2340020750;908928142;3248948892
14.388.334/0001-99;2026-12-31;1;158363;PARANA BCO S.A.;352700;Capital Subscrito;2025-12-23;1000000000.00;;2340020750;908928142;3248948892
14.388.334/0001-99;2026-12-31;1;158363;PARANA BCO S.A.;352701;Capital Integralizado;2025-12-23;1000000000.00;;2340020750;908928142;3248948892
14.776.142/0001-50;2026-12-31;1;158079;WESTWING COMÉRCIO VAREJISTA S.A.;352041;Capital Emitido;2026-04-17;411374907.65;;11109348;0;11109348
14.776.142/0001-50;2026-12-31;1;158079;WESTWING COMÉRCIO VAREJISTA S.A.;352042;Capital Subscrito;2026-04-17;411374907.65;;11109348;0;11109348
14.776.142/0001-50;2026-12-31;1;158079;WESTWING COMÉRCIO VAREJISTA S.A.;352043;Capital Integralizado;2026-04-17;411374907.65;;11109348;0;11109348
14.776.142/0001-50;2026-12-31;1;158079;WESTWING COMÉRCIO VAREJISTA S.A.;352044;Capital Autorizado;2021-01-15;0.00;;25000000;0;25000000
14.785.152/0001-51;2026-12-31;1;158257;HBR REALTY EMPREENDIMENTOS IMOBILIÁRIOS S.A.;352458;Capital Emitido;2021-01-21;1321141551.38;Não aplicável;103188981;0;103188981
14.785.152/0001-51;2026-12-31;1;158257;HBR REALTY EMPREENDIMENTOS IMOBILIÁRIOS S.A.;352459;Capital Subscrito;2021-01-21;1321141551.38;Não aplicável;103188981;0;103188981
14.785.152/0001-51;2026-12-31;1;158257;HBR REALTY EMPREENDIMENTOS IMOBILIÁRIOS S.A.;352460;Capital Integralizado;2021-01-21;1321141551.38;Não aplicável;103188981;0;103188981
14.785.152/0001-51;2026-12-31;1;158257;HBR REALTY EMPREENDIMENTOS IMOBILIÁRIOS S.A.;352461;Capital Autorizado;2020-08-25;2270380000.00;Não aplicável;0;0;0
14.882.295/0001-81;2026-12-31;1;158527;CBO HOLDING S.A.;353116;Capital Emitido;2021-09-09;1362758733.71;N/A;138622434;0;138622434
14.882.295/0001-81;2026-12-31;1;158527;CBO HOLDING S.A.;353117;Capital Subscrito;2021-09-09;1362758733.71;N/A;138622434;0;138622434
14.882.295/0001-81;2026-12-31;1;158527;CBO HOLDING S.A.;353118;Capital Integralizado;2021-09-09;1362758733.71;N/A;138622434;0;138622434
14.882.295/0001-81;2026-12-31;1;158527;CBO HOLDING S.A.;353119;Capital Autorizado;2020-08-03;0.00;N/A;100000000;0;100000000
14.998.371/0001-19;2026-12-31;1;158370;J. MACEDO S.A.;352710;Capital Integralizado;2026-04-10;1095083612.34;;19404;0;19404
15.073.274/0001-88;2026-12-31;1;158525;PPLA PARTICIPATIONS LTD.;353115;Capital Emitido;2020-03-18;1504802000.00;N/A;0;2814667;2814667
15.090.690/0001-94;2026-12-31;1;158115;CONCESSIONARIA ECOVIAS DO ARAGUAIA S.A.;352125;Capital Emitido;2021-09-10;1922550916.98;;1922550917;0;1922550917
15.090.690/0001-94;2026-12-31;1;158115;CONCESSIONARIA ECOVIAS DO ARAGUAIA S.A.;352126;Capital Subscrito;2021-09-10;1922550916.98;;1922550917;0;1922550917
15.090.690/0001-94;2026-12-31;1;158115;CONCESSIONARIA ECOVIAS DO ARAGUAIA S.A.;352127;Capital Integralizado;2021-09-10;1922550916.98;;1922550917;0;1922550917
15.114.494/0001-02;2026-12-31;1;157976;CORREDOR LOGÍSTICA E INFRAESTRUTURA S.A.;351875;Capital Emitido;2025-01-28;667604454.00;;144855320;11239603;156094923
15.114.494/0001-02;2026-12-31;1;157976;CORREDOR LOGÍSTICA E INFRAESTRUTURA S.A.;351876;Capital Integralizado;2025-01-28;667604454.00;;144855320;11239603;156094923
15.114.494/0001-02;2026-12-31;1;157976;CORREDOR LOGÍSTICA E INFRAESTRUTURA S.A.;351877;Capital Subscrito;2025-01-28;667604454.00;;144855320;11239603;156094923
15.115.504/0001-24;2026-12-31;1;158308;TRONOX PIGMENTOS DO BRASIL S.A.;352566;Capital Integralizado;2023-04-11;140000000.00;;10158398;18860349;29018747
15.139.629/0001-94;2026-12-31;1;157807;CIA ELETRICIDADE EST. DA BAHIA - COELBA;351509;Capital Subscrito;2018-07-27;2988161799.23;;151997609;110098478;262096087
15.139.629/0001-94;2026-12-31;1;157807;CIA ELETRICIDADE EST. DA BAHIA - COELBA;351510;Capital Integralizado;2018-07-27;2988161799.23;;151997609;110098478;262096087
15.139.629/0001-94;2026-12-31;1;157807;CIA ELETRICIDADE EST. DA BAHIA - COELBA;351511;Capital Emitido;2018-07-27;2988161799.23;;151997609;110098478;262096087
15.139.629/0001-94;2026-12-31;1;157807;CIA ELETRICIDADE EST. DA BAHIA - COELBA;351512;Capital Autorizado;2018-07-27;3050000000.00;;0;0;0
15.141.799/0001-03;2026-12-31;1;158470;CIA FERRO LIGAS DA BAHIA - FERBASA;352972;Capital Emitido;2024-11-07;1470395617.65;;117725000;235450000;353175000
15.141.799/0001-03;2026-12-31;1;158470;CIA FERRO LIGAS DA BAHIA - FERBASA;352973;Capital Subscrito;2024-11-07;1470395617.65;;117725000;235450000;353175000
15.141.799/0001-03;2026-12-31;1;158470;CIA FERRO LIGAS DA BAHIA - FERBASA;352974;Capital Integralizado;2024-11-07;1470395617.65;;117725000;235450000;353175000
15.141.799/0001-03;2026-12-31;1;158470;CIA FERRO LIGAS DA BAHIA - FERBASA;352975;Capital Autorizado;2023-12-20;3000000000.00;;117725000;235450000;353175000
15.413.826/0001-50;2026-12-31;1;158251;ENERGISA MATO GROSSO DO SUL - DIST DE ENERGIA S.A.;352442;Capital Emitido;2016-04-26;616732727.62;N/A;647015;0;647015
15.413.826/0001-50;2026-12-31;1;158251;ENERGISA MATO GROSSO DO SUL - DIST DE ENERGIA S.A.;352443;Capital Subscrito;2016-04-26;616732727.62;N/A;647015;0;647015
15.413.826/0001-50;2026-12-31;1;158251;ENERGISA MATO GROSSO DO SUL - DIST DE ENERGIA S.A.;352444;Capital Integralizado;2016-04-26;616732727.62;N/A;647015;0;647015
15.413.826/0001-50;2026-12-31;1;158251;ENERGISA MATO GROSSO DO SUL - DIST DE ENERGIA S.A.;352445;Capital Autorizado;2016-04-26;0.00;N/A;1500000;0;1500000
15.484.093/0001-44;2026-12-31;1;158117;ECO101 CONCESSIONÁRIA DE RODOVIAS S.A.;352132;Capital Emitido;2025-08-15;2155829255.31;;2155829255;0;2155829255
15.484.093/0001-44;2026-12-31;1;158117;ECO101 CONCESSIONÁRIA DE RODOVIAS S.A.;352133;Capital Integralizado;2025-08-15;2155829255.31;;2155829255;0;2155829255
15.484.093/0001-44;2026-12-31;1;158117;ECO101 CONCESSIONÁRIA DE RODOVIAS S.A.;352134;Capital Subscrito;2025-08-15;2155829255.31;;2155829255;0;2155829255
15.484.093/0001-44;2026-12-31;1;158117;ECO101 CONCESSIONÁRIA DE RODOVIAS S.A.;352135;Capital Autorizado;2025-08-15;344170744.69;;0;0;0
15.578.569/0001-06;2026-12-31;1;158201;CONC DO AEROPORTO INTERNACIONAL DE GUARULHOS S.A.;352313;Capital Integralizado;2017-12-12;2624558093.54;;3033541675;0;3033541675
15.578.569/0001-06;2026-12-31;1;158201;CONC DO AEROPORTO INTERNACIONAL DE GUARULHOS S.A.;352314;Capital Subscrito;2017-12-07;2624558093.54;;3033541675;0;3033541675
15.578.569/0001-06;2026-12-31;1;158201;CONC DO AEROPORTO INTERNACIONAL DE GUARULHOS S.A.;352315;Capital Autorizado;2017-12-07;2624558093.54;;3033541675;0;3033541675
15.578.569/0001-06;2026-12-31;1;158201;CONC DO AEROPORTO INTERNACIONAL DE GUARULHOS S.A.;352316;Capital Integralizado;2016-11-25;51999640.00;;67532000;0;67532000
15.578.569/0001-06;2026-12-31;1;158201;CONC DO AEROPORTO INTERNACIONAL DE GUARULHOS S.A.;352317;Capital Integralizado;2016-10-21;89999954.10;;116883000;0;116883000
15.578.569/0001-06;2026-12-31;1;158201;CONC DO AEROPORTO INTERNACIONAL DE GUARULHOS S.A.;352318;Capital Integralizado;2016-09-29;208000055.90;;270130000;0;270130000
15.578.569/0001-06;2026-12-31;1;158201;CONC DO AEROPORTO INTERNACIONAL DE GUARULHOS S.A.;352319;Capital Emitido;2016-07-27;349999650.00;;454554000;0;454554000
15.578.569/0001-06;2026-12-31;1;158201;CONC DO AEROPORTO INTERNACIONAL DE GUARULHOS S.A.;352320;Capital Subscrito;2016-07-27;282999640.00;;222727050;0;222727050
15.578.569/0001-06;2026-12-31;1;158201;CONC DO AEROPORTO INTERNACIONAL DE GUARULHOS S.A.;352321;Capital Integralizado;2016-07-27;67000010.00;;231817950;0;231817950
15.578.569/0001-06;2026-12-31;1;158201;CONC DO AEROPORTO INTERNACIONAL DE GUARULHOS S.A.;352322;Capital Autorizado;2016-07-27;349999650.00;;454545000;0;454545000
15.578.569/0001-06;2026-12-31;1;158201;CONC DO AEROPORTO INTERNACIONAL DE GUARULHOS S.A.;352323;Capital Subscrito;2015-05-05;1424558445.00;;1475100573;0;1475100573
15.578.569/0001-06;2026-12-31;1;158201;CONC DO AEROPORTO INTERNACIONAL DE GUARULHOS S.A.;352324;Capital Integralizado;2015-05-05;1424558445.00;;1475100573;0;1475100573
15.578.569/0001-06;2026-12-31;1;158201;CONC DO AEROPORTO INTERNACIONAL DE GUARULHOS S.A.;352325;Capital Autorizado;2015-05-05;1424558445.00;;1475100573;0;1475100573
15.578.569/0001-06;2026-12-31;1;158201;CONC DO AEROPORTO INTERNACIONAL DE GUARULHOS S.A.;352326;Capital Autorizado;2012-05-23;1955000000.00;;0;0;0
16.234.171/0001-15;2026-12-31;1;158020;METANOR SA METANOL DO NE;351936;Capital Autorizado;2008-09-04;100000000.00;;97768099;196571002;294339101
16.234.171/0001-15;2026-12-31;1;158020;METANOR SA METANOL DO NE;351937;Capital Integralizado;2022-12-30;54771071.15;;97768099;196571002;294339101
16.234.171/0001-15;2026-12-31;1;158020;METANOR SA METANOL DO NE;351938;Capital Subscrito;2022-12-30;54771071.15;;97768099;196571002;294339101
16.234.171/0001-15;2026-12-31;1;158020;METANOR SA METANOL DO NE;351939;Capital Emitido;2022-12-30;54771071.15;;97768099;196571002;294339101
16.404.287/0001-55;2026-12-31;1;158194;SUZANO S.A.;352301;Capital Autorizado;2017-09-29;0.00;;780119712;0;780119712
16.404.287/0001-55;2026-12-31;1;158194;SUZANO S.A.;352302;Capital Subscrito;2025-12-10;24269281424.63;;1264117615;0;1264117615
16.404.287/0001-55;2026-12-31;1;158194;SUZANO S.A.;352303;Capital Emitido;2025-12-10;24269281424.63;;1264117615;0;1264117615
16.404.287/0001-55;2026-12-31;1;158194;SUZANO S.A.;352304;Capital Integralizado;2025-12-10;24269281424.63;;1264117615;0;1264117615
16.590.234/0001-76;2026-12-31;1;158429;AZZAS 2154 S.A.;352862;Capital Emitido;2024-07-31;2317182381.79;;206489813;0;206489813
16.590.234/0001-76;2026-12-31;1;158429;AZZAS 2154 S.A.;352863;Capital Subscrito;2024-07-31;2317182381.79;;206489813;0;206489813
16.590.234/0001-76;2026-12-31;1;158429;AZZAS 2154 S.A.;352864;Capital Integralizado;2024-07-31;2317182381.79;;206489813;0;206489813
16.590.234/0001-76;2026-12-31;1;158429;AZZAS 2154 S.A.;352865;Capital Autorizado;2025-12-09;2682817618.21;;0;0;0
16.670.085/0001-55;2026-12-31;1;158461;LOCALIZA RENT A CAR S.A.;352941;Capital Autorizado;2023-04-25;0.00;;2000000000;0;2000000000
16.670.085/0001-55;2026-12-31;1;158461;LOCALIZA RENT A CAR S.A.;352942;Capital Emitido;2025-12-29;19973526025.22;;1082620720;41638625;1124259345
16.670.085/0001-55;2026-12-31;1;158461;LOCALIZA RENT A CAR S.A.;352943;Capital Subscrito;2025-12-29;19973526025.22;;1082620720;41638625;1124259345
16.670.085/0001-55;2026-12-31;1;158461;LOCALIZA RENT A CAR S.A.;352944;Capital Integralizado;2025-12-29;19973526025.22;;1082620720;41638625;1124259345
16.811.931/0001-00;2026-12-31;1;158373;ALPHAVILLE S.A.;352715;Capital Emitido;2024-03-31;2471262296.37;;195330061;0;195330061
16.811.931/0001-00;2026-12-31;1;158373;ALPHAVILLE S.A.;352716;Capital Subscrito;2024-03-31;2471262296.37;;195330061;0;195330061
16.811.931/0001-00;2026-12-31;1;158373;ALPHAVILLE S.A.;352717;Capital Integralizado;2024-03-31;2471262296.37;;195330061;0;195330061
16.811.931/0001-00;2026-12-31;1;158373;ALPHAVILLE S.A.;352718;Capital Autorizado;2020-09-22;6300632855.65;;0;0;0
16.922.038/0001-51;2026-12-31;1;158582;ENJOEI S.A.;353256;Capital Autorizado;2020-10-02;0.00;N/A;235533382;0;235533382
16.922.038/0001-51;2026-12-31;1;158582;ENJOEI S.A.;353257;Capital Emitido;2026-04-24;250898721.75;N/A;205017990;0;205017990
16.922.038/0001-51;2026-12-31;1;158582;ENJOEI S.A.;353258;Capital Integralizado;2026-04-24;250898721.75;N/A;205017990;0;205017990
16.922.038/0001-51;2026-12-31;1;158582;ENJOEI S.A.;353259;Capital Subscrito;2026-04-24;250898721.75;N/A;205017990;0;205017990
17.155.730/0001-64;2026-12-31;2;157920;CIA ENERGETICA DE MINAS GERAIS - CEMIG;351776;Capital Integralizado;2024-04-29;14308909475.00;n/a;956601911;1905179984;2861781895
17.155.730/0001-64;2026-12-31;2;157920;CIA ENERGETICA DE MINAS GERAIS - CEMIG;351777;Capital Subscrito;2024-04-29;14308909475.00;n/a;956601911;1905179984;2861781895
17.155.730/0001-64;2026-12-31;2;157920;CIA ENERGETICA DE MINAS GERAIS - CEMIG;351778;Capital Emitido;2024-04-29;14308909475.00;n/a;956601911;1905179984;2861781895
17.155.730/0001-64;2026-12-31;2;157920;CIA ENERGETICA DE MINAS GERAIS - CEMIG;351779;Capital Autorizado;2024-04-29;1430890948.00;n/a;0;0;0
17.159.229/0001-76;2026-12-31;1;158158;LABORATÓRIO TEUTO BRASILEIRO S.A.;352224;Capital Emitido;2025-01-29;661946666.58;N/A;54655555;0;54655555
17.159.229/0001-76;2026-12-31;1;158158;LABORATÓRIO TEUTO BRASILEIRO S.A.;352225;Capital Subscrito;2025-01-29;661946666.58;N/A;54655555;0;54655555
17.159.229/0001-76;2026-12-31;1;158158;LABORATÓRIO TEUTO BRASILEIRO S.A.;352226;Capital Integralizado;2024-10-31;661946666.58;N/A;54655555;0;54655555
17.159.229/0001-76;2026-12-31;1;158158;LABORATÓRIO TEUTO BRASILEIRO S.A.;352227;Capital Autorizado;2021-04-30;300000000.00;N/A;0;0;0
17.161.241/0001-15;2026-12-31;1;156514;MINASMAQUINAS S.A.;349670;Capital Autorizado;2025-04-22;350000000.00;;0;0;0
17.161.241/0001-15;2026-12-31;1;156514;MINASMAQUINAS S.A.;349671;Capital Emitido;2025-04-22;238620833.86;;19997;16727;36724
17.161.241/0001-15;2026-12-31;1;156514;MINASMAQUINAS S.A.;349672;Capital Integralizado;2025-04-22;238620833.86;;19997;16727;36724
17.161.241/0001-15;2026-12-31;1;156514;MINASMAQUINAS S.A.;349673;Capital Subscrito;2025-04-22;238620833.86;;19997;16727;36724
17.162.082/0001-73;2026-12-31;1;158076;MENDES JUNIOR ENGENHARIA S.A.;352034;Capital Integralizado;2012-04-30;2163400000.00;;6976765;3332623;10309388
17.167.396/0001-69;2026-12-31;1;158288;ALFA HOLDINGS S.A.;352533;Capital Integralizado;2024-03-28;436556000.00;;46011632;38670637;84682269
17.184.037/0001-10;2026-12-31;1;158588;BCO MERCANTIL DO BRASIL S.A.;353273;Capital Emitido;2026-02-24;952710420.20;;84052790;39675836;123728626
17.184.037/0001-10;2026-12-31;1;158588;BCO MERCANTIL DO BRASIL S.A.;353274;Capital Subscrito;2026-02-24;952710420.20;;84052790;39675836;123728626
17.184.037/0001-10;2026-12-31;1;158588;BCO MERCANTIL DO BRASIL S.A.;353275;Capital Integralizado;2026-02-24;952710420.20;;84052790;39675836;123728626
17.184.037/0001-10;2026-12-31;1;158588;BCO MERCANTIL DO BRASIL S.A.;353276;Capital Autorizado;2026-02-24;2047289579.80;;0;0;0
17.234.244/0001-31;2026-12-31;1;158285;FTL - FERROVIA TRANSNORDESTINA LOGÍSTICA S.A.;352528;Capital Autorizado;2021-03-23;502961024.62;;550871212;0;550871212
17.245.234/0001-00;2026-12-31;1;158046;CIA FIACAO TECIDOS CEDRO CACHOEIRA;351991;Capital Integralizado;2025-09-30;151350000.00;;5707104;4304063;10011167
17.281.106/0001-03;2026-12-31;2;158061;CIA SANEAMENTO DE MINAS GERAIS-COPASA MG;351999;Capital Autorizado;2020-04-29;5000000000.00;;0;0;0
17.281.106/0001-03;2026-12-31;2;158061;CIA SANEAMENTO DE MINAS GERAIS-COPASA MG;352000;Capital Emitido;2025-04-30;5000000000.00;;380253069;0;380253069
17.281.106/0001-03;2026-12-31;2;158061;CIA SANEAMENTO DE MINAS GERAIS-COPASA MG;352001;Capital Subscrito;2025-04-30;5000000000.00;;380253069;0;380253069
17.281.106/0001-03;2026-12-31;2;158061;CIA SANEAMENTO DE MINAS GERAIS-COPASA MG;352002;Capital Integralizado;2025-04-30;5000000000.00;;380253069;0;380253069
17.314.329/0001-20;2026-12-31;1;158032;INTERNATIONAL MEAL COMPANY ALIMENTACAO S.A.;351957;Capital Subscrito;2025-04-17;1170868817.89;N/A;286676540;0;286676540
17.314.329/0001-20;2026-12-31;1;158032;INTERNATIONAL MEAL COMPANY ALIMENTACAO S.A.;351958;Capital Autorizado;2025-04-17;0.00;N/A;100194174;0;100194174
17.314.329/0001-20;2026-12-31;1;158032;INTERNATIONAL MEAL COMPANY ALIMENTACAO S.A.;351959;Capital Integralizado;2025-04-17;1170868817.89;N/A;286676540;0;286676540
17.344.597/0001-94;2026-12-31;1;158372;BB SEGURIDADE PARTICIPAÇÕES S.A.;352711;Capital Emitido;2026-03-27;6269692280.18;;1941400000;0;1941400000
17.344.597/0001-94;2026-12-31;1;158372;BB SEGURIDADE PARTICIPAÇÕES S.A.;352712;Capital Subscrito;2026-03-27;6269692280.18;;1941400000;0;1941400000
17.344.597/0001-94;2026-12-31;1;158372;BB SEGURIDADE PARTICIPAÇÕES S.A.;352713;Capital Integralizado;2026-03-27;6269692280.18;;1941400000;0;1941400000
17.344.597/0001-94;2026-12-31;1;158372;BB SEGURIDADE PARTICIPAÇÕES S.A.;352714;Capital Autorizado;2013-03-28;5730307719.82;;0;0;0
17.359.233/0001-88;2026-12-31;1;158193;TECIDOS E ARMARINHOS MIGUEL BARTOLOMEU S.A.;352289;Capital Emitido;2025-04-30;383000000.00;Totalmente integralizado;383000000;0;383000000
17.359.233/0001-88;2026-12-31;1;158193;TECIDOS E ARMARINHOS MIGUEL BARTOLOMEU S.A.;352290;Capital Subscrito;2025-04-30;383000000.00;Totalmente integralizado;383000000;0;383000000
17.359.233/0001-88;2026-12-31;1;158193;TECIDOS E ARMARINHOS MIGUEL BARTOLOMEU S.A.;352291;Capital Integralizado;2025-04-30;383000000.00;Totalmente integralizado;383000000;0;383000000
17.359.233/0001-88;2026-12-31;1;158193;TECIDOS E ARMARINHOS MIGUEL BARTOLOMEU S.A.;352292;Capital Autorizado;2021-12-06;0.00;0,00;700000000;0;700000000
17.765.891/0001-70;2026-12-31;1;158479;GRUPO SALTA EDUCAÇÃO S.A.;353005;Capital Emitido;2025-12-05;712585362.05;Totalmente integralizado;303640580;98348766;401989346
17.765.891/0001-70;2026-12-31;1;158479;GRUPO SALTA EDUCAÇÃO S.A.;353006;Capital Integralizado;2025-12-05;712585362.05;Totalmente integralizado;303640580;98348766;401989346
17.765.891/0001-70;2026-12-31;1;158479;GRUPO SALTA EDUCAÇÃO S.A.;353007;Capital Autorizado;2024-11-07;13110724.77;-;0;0;0
17.765.891/0001-70;2026-12-31;1;158479;GRUPO SALTA EDUCAÇÃO S.A.;353008;Capital Subscrito;2025-12-05;712585362.05;Totalmente integralizado;303640580;98348766;401989346
18.080.368/0001-72;2026-12-31;1;158249;OZN HEALTH SPE S.A.;352439;Capital Emitido;2020-05-29;235908224.00;totalmente subscrito e integra;94500000;0;94500000
18.080.368/0001-72;2026-12-31;1;158249;OZN HEALTH SPE S.A.;352440;Capital Subscrito;2020-05-29;235908224.00;totalmente subscrito e integra;94500000;0;94500000
18.080.368/0001-72;2026-12-31;1;158249;OZN HEALTH SPE S.A.;352441;Capital Integralizado;2020-05-29;235908224.00;totalmente subscrito e integra;94500000;0;94500000
18.174.270/0001-84;2026-12-31;1;158621;DOTZ S.A.;353374;Capital Emitido;2025-05-24;204390392.05;Totalmente integralizado.;13321978;0;13321978
18.174.270/0001-84;2026-12-31;1;158621;DOTZ S.A.;353375;Capital Subscrito;2025-05-24;204390392.05;;13321978;0;13321978
18.174.270/0001-84;2026-12-31;1;158621;DOTZ S.A.;353376;Capital Integralizado;2025-05-24;204390392.05;;13321978;0;13321978
18.174.270/0001-84;2026-12-31;1;158621;DOTZ S.A.;353377;Capital Autorizado;2025-04-29;0.00;;13321978;0;13321978
18.494.485/0001-82;2026-12-31;1;158023;PORTO SUDESTE V.M. S.A.;351941;Capital Subscrito;2025-09-05;3926040.10;;171840;0;171840
18.494.485/0001-82;2026-12-31;1;158023;PORTO SUDESTE V.M. S.A.;351942;Capital Emitido;2025-09-05;3926040.10;;171840;0;171840
18.494.485/0001-82;2026-12-31;1;158023;PORTO SUDESTE V.M. S.A.;351943;Capital Integralizado;2025-09-05;3926040.10;;171840;0;171840
18.572.225/0001-88;2026-12-31;1;158307;CONCEBRA - CONCESSIONARIA DAS RODOVIAS CENTRAIS DO BRASIL;352564;Capital Integralizado;2024-12-29;429710000.00;;429710000;0;429710000
18.572.225/0001-88;2026-12-31;1;158307;CONCEBRA - CONCESSIONARIA DAS RODOVIAS CENTRAIS DO BRASIL;352565;Capital Subscrito;2014-01-07;380000000.00;;380000000;0;380000000
18.593.815/0001-97;2026-12-31;1;157726;PRINER SERVIÇOS INDUSTRIAIS S.A.;351334;Capital Emitido;2026-04-17;490210747.59;;56775940;0;56775940
18.593.815/0001-97;2026-12-31;1;157726;PRINER SERVIÇOS INDUSTRIAIS S.A.;351335;Capital Subscrito;2026-04-17;490210747.59;;56775940;0;56775940
18.593.815/0001-97;2026-12-31;1;157726;PRINER SERVIÇOS INDUSTRIAIS S.A.;351336;Capital Integralizado;2026-04-17;490210747.59;;56775940;0;56775940
18.593.815/0001-97;2026-12-31;1;157726;PRINER SERVIÇOS INDUSTRIAIS S.A.;351337;Capital Autorizado;2023-10-17;0.00;-;12187500;0;12187500
18.903.785/0001-78;2026-12-31;1;158112;HOLDING DO ARAGUAIA S.A.;352115;Capital Emitido;2026-04-15;885376823.07;;885376823;0;885376823
18.903.785/0001-78;2026-12-31;1;158112;HOLDING DO ARAGUAIA S.A.;352116;Capital Subscrito;2026-04-15;885376823.07;;885376823;0;885376823
18.903.785/0001-78;2026-12-31;1;158112;HOLDING DO ARAGUAIA S.A.;352117;Capital Integralizado;2026-04-15;885376823.07;;885376823;0;885376823
19.208.022/0001-70;2026-12-31;1;158122;ECO050 CONCESSIONÁRIA DE RODOVIAS S.A.;352147;Capital Emitido;2026-04-10;993308314.31;;993308314;0;993308314
19.208.022/0001-70;2026-12-31;1;158122;ECO050 CONCESSIONÁRIA DE RODOVIAS S.A.;352148;Capital Integralizado;2026-04-10;993308314.31;;993308314;0;993308314
19.208.022/0001-70;2026-12-31;1;158122;ECO050 CONCESSIONÁRIA DE RODOVIAS S.A.;352149;Capital Subscrito;2026-04-10;993308314.31;;993308314;0;993308314
19.403.252/0001-90;2026-12-31;1;158420;EMCCAMP RESIDENCIAL S.A.;352840;Capital Subscrito;2025-12-19;283698000.00;Totalmente integralizado;51018519;51018519;102037038
19.403.252/0001-90;2026-12-31;1;158420;EMCCAMP RESIDENCIAL S.A.;352841;Capital Integralizado;2025-12-19;283698000.00;;51018519;51018519;102037038
19.403.252/0001-90;2026-12-31;1;158420;EMCCAMP RESIDENCIAL S.A.;352842;Capital Emitido;2025-12-19;283698000.00;Totalmente integralizado;51018519;51018519;102037038
19.521.322/0001-04;2026-12-31;1;158601;CONCESSIONÁRIA ROTA DO OESTE S.A.;353312;Capital Emitido;2026-04-16;2731810533.01;0;2731810533;0;2731810533
19.527.586/0001-75;2026-12-31;1;156348;COMPANHIA ENERGÉTICA SINOP S/A;349252;Capital Emitido;2019-07-31;1304242416.79;07/10/2019;2234136449;0;2234136449
19.527.586/0001-75;2026-12-31;1;156348;COMPANHIA ENERGÉTICA SINOP S/A;349253;Capital Integralizado;2019-07-31;1304242416.79;;2234136449;0;2234136449
19.527.586/0001-75;2026-12-31;1;156348;COMPANHIA ENERGÉTICA SINOP S/A;349254;Capital Autorizado;2019-07-31;2234136449.00;;2234136449;0;2234136449
19.527.639/0001-58;2026-12-31;1;156391;ENERGISA MINAS RIO - DISTRIBUIDORA DE ENERGIA S/A;349360;Capital Emitido;2022-11-30;312021544.93;N/A;1058767;0;1058767
19.527.639/0001-58;2026-12-31;1;156391;ENERGISA MINAS RIO - DISTRIBUIDORA DE ENERGIA S/A;349361;Capital Integralizado;2022-11-30;312021544.93;N/A;1058767;0;1058767
19.527.639/0001-58;2026-12-31;1;156391;ENERGISA MINAS RIO - DISTRIBUIDORA DE ENERGIA S/A;349362;Capital Subscrito;2022-11-30;312021544.93;N/A;1058767;0;1058767
19.527.639/0001-58;2026-12-31;1;156391;ENERGISA MINAS RIO - DISTRIBUIDORA DE ENERGIA S/A;349363;Capital Autorizado;2022-11-30;0.00;N/A;1500000;0;1500000
19.527.639/0001-58;2026-12-31;1;158263;ENERGISA MINAS RIO - DISTRIBUIDORA DE ENERGIA S/A;352470;Capital Emitido;2022-11-30;312021544.93;N/A;1058767;0;1058767
19.527.639/0001-58;2026-12-31;1;158263;ENERGISA MINAS RIO - DISTRIBUIDORA DE ENERGIA S/A;352471;Capital Integralizado;2022-11-30;312021544.93;N/A;1058767;0;1058767
19.527.639/0001-58;2026-12-31;1;158263;ENERGISA MINAS RIO - DISTRIBUIDORA DE ENERGIA S/A;352472;Capital Subscrito;2022-11-30;312021544.93;N/A;1058767;0;1058767
19.527.639/0001-58;2026-12-31;1;158263;ENERGISA MINAS RIO - DISTRIBUIDORA DE ENERGIA S/A;352473;Capital Autorizado;2022-11-30;0.00;N/A;1500000;0;1500000
20.258.278/0001-70;2026-12-31;1;157882;OUROFINO S.A.;351698;Capital Emitido;2024-10-29;479823731.62;;53949006;0;53949006
20.258.278/0001-70;2026-12-31;1;157882;OUROFINO S.A.;351699;Capital Subscrito;2024-10-29;479823731.62;;53949006;0;53949006
20.258.278/0001-70;2026-12-31;1;157882;OUROFINO S.A.;351700;Capital Integralizado;2024-10-29;479823731.62;;53949006;0;53949006
20.258.278/0001-70;2026-12-31;1;157882;OUROFINO S.A.;351701;Capital Autorizado;2020-05-08;650000000.00;;0;0;0
20.512.706/0001-40;2026-12-31;5;158034;VITRU EDUCAÇÃO S.A.;351960;Capital Integralizado;2026-05-18;2338902266.74;N/A;149829337;0;149829337
20.512.706/0001-40;2026-12-31;5;158034;VITRU EDUCAÇÃO S.A.;351961;Capital Autorizado;2026-05-18;0.00;N/A;783175141;0;783175141
20.512.706/0001-40;2026-12-31;5;158034;VITRU EDUCAÇÃO S.A.;351962;Capital Emitido;2026-05-18;2338902266.74;N/A;149829337;0;149829337
20.512.706/0001-40;2026-12-31;5;158034;VITRU EDUCAÇÃO S.A.;351963;Capital Subscrito;2026-05-18;2338902266.74;N/A;149829337;0;149829337
21.254.073/0001-80;2026-12-31;1;158070;COMPANHIA ITAUNENSE ENERGIA E PARTICIPAÇÕES;352023;Capital Integralizado;1996-05-01;20933000.00;;7589885;0;7589885
21.314.559/0001-66;2026-12-31;1;158533;MOVIDA PARTICIPACOES SA;353132;Capital Autorizado;2017-01-13;0.00;;97841059;0;97841059
21.314.559/0001-66;2026-12-31;1;158533;MOVIDA PARTICIPACOES SA;353133;Capital Subscrito;2026-05-09;2694115363.48;;402158941;0;402158941
21.314.559/0001-66;2026-12-31;1;158533;MOVIDA PARTICIPACOES SA;353134;Capital Integralizado;2026-05-09;2694115363.48;;402158941;0;402158941
21.314.559/0001-66;2026-12-31;1;158533;MOVIDA PARTICIPACOES SA;353135;Capital Emitido;2026-05-09;2694115363.48;;402158941;0;402158941
21.389.501/0001-81;2026-12-31;4;156912;COMPASS GÁS E ENERGIA S.A.;350318;Capital Emitido;2026-04-16;1772499508.53;Não aplicável;714190095;0;714190095
21.389.501/0001-81;2026-12-31;4;156912;COMPASS GÁS E ENERGIA S.A.;350319;Capital Subscrito;2026-04-16;1772499508.53;Não aplicável;714190095;0;714190095
21.389.501/0001-81;2026-12-31;4;156912;COMPASS GÁS E ENERGIA S.A.;350320;Capital Integralizado;2026-04-16;1772499508.53;Não aplicável;714190095;0;714190095
21.389.501/0001-81;2026-12-31;4;156912;COMPASS GÁS E ENERGIA S.A.;350321;Capital Autorizado;2020-07-30;10000000000.00;Não aplicável;0;0;0
21.414.457/0001-12;2026-12-31;1;158113;LEADS CIA. SECURITIZADORA;352118;Capital Emitido;2025-08-13;2080207.00;integralizado;2080207;0;2080207
21.414.457/0001-12;2026-12-31;1;158113;LEADS CIA. SECURITIZADORA;352119;Capital Subscrito;2025-08-13;2080207.00;integralizado;2080207;0;2080207
21.414.457/0001-12;2026-12-31;1;158113;LEADS CIA. SECURITIZADORA;352120;Capital Integralizado;2025-08-13;2080207.00;integralizado;2080207;0;2080207
21.748.188/0001-20;2026-12-31;1;158395;TERP GLBL BRASIL I PARTICIPAÇÕES S.A.;352779;Capital Emitido;2024-12-20;21000000.00;N/A;392336428;0;392336428
21.748.188/0001-20;2026-12-31;1;158395;TERP GLBL BRASIL I PARTICIPAÇÕES S.A.;352780;Capital Subscrito;2024-12-20;21000000.00;N/A;392336428;0;392336428
21.748.188/0001-20;2026-12-31;1;158395;TERP GLBL BRASIL I PARTICIPAÇÕES S.A.;352781;Capital Integralizado;2024-12-20;21000000.00;N/A;392336428;0;392336428
22.163.297/0001-49;2026-12-31;1;158120;CONCESSIONÁRIA PONTE RIO-NITERÓI S.A. - ECOPONTE;352140;Capital Emitido;2025-05-15;169917960.00;;169917960;0;169917960
22.163.297/0001-49;2026-12-31;1;158120;CONCESSIONÁRIA PONTE RIO-NITERÓI S.A. - ECOPONTE;352141;Capital Subscrito;2025-05-15;169917960.00;;169917960;0;169917960
22.163.297/0001-49;2026-12-31;1;158120;CONCESSIONÁRIA PONTE RIO-NITERÓI S.A. - ECOPONTE;352142;Capital Integralizado;2025-05-15;169917960.00;;169917960;0;169917960
22.163.297/0001-49;2026-12-31;1;158120;CONCESSIONÁRIA PONTE RIO-NITERÓI S.A. - ECOPONTE;352143;Capital Autorizado;2025-01-29;80082040.00;;0;0;0
22.266.175/0001-88;2026-12-31;1;158505;FERTILIZANTES HERINGER S.A.;353069;Capital Emitido;2023-01-30;594164902.56;;53857284;0;53857284
22.266.175/0001-88;2026-12-31;1;158505;FERTILIZANTES HERINGER S.A.;353070;Capital Subscrito;2023-01-30;594164902.56;;53857284;0;53857284
22.266.175/0001-88;2026-12-31;1;158505;FERTILIZANTES HERINGER S.A.;353071;Capital Integralizado;2023-01-30;594164902.56;;53857284;0;53857284
22.266.175/0001-88;2026-12-31;1;158505;FERTILIZANTES HERINGER S.A.;353072;Capital Autorizado;2023-01-30;0.00;;64628741;0;64628741
22.543.331/0001-00;2026-12-31;1;158041;CAIXA SEGURIDADE PARTICIPAÇÕES S.A.;351977;Capital Emitido;2025-04-25;3678771540.25;N/A;3000000000;0;3000000000
22.543.331/0001-00;2026-12-31;1;158041;CAIXA SEGURIDADE PARTICIPAÇÕES S.A.;351978;Capital Subscrito;2025-04-25;3678771540.25;N/A;3000000000;0;3000000000
22.543.331/0001-00;2026-12-31;1;158041;CAIXA SEGURIDADE PARTICIPAÇÕES S.A.;351979;Capital Integralizado;2025-04-25;3678771540.25;N/A;3000000000;0;3000000000
23.236.821/0001-27;2026-12-31;1;158605;PATRIMAR ENGENHARIA S.A.;353321;Capital Emitido;2020-12-31;269171695.44;N.A.;56025501;0;56025501
23.236.821/0001-27;2026-12-31;1;158605;PATRIMAR ENGENHARIA S.A.;353322;Capital Subscrito;2020-12-31;269171695.44;;56025501;0;56025501
23.236.821/0001-27;2026-12-31;1;158605;PATRIMAR ENGENHARIA S.A.;353323;Capital Integralizado;2020-12-31;269171695.44;;56025501;0;56025501
23.236.821/0001-27;2026-12-31;1;158605;PATRIMAR ENGENHARIA S.A.;353324;Capital Autorizado;2020-08-05;3000000000.00;;0;0;0
23.373.000/0001-32;2026-12-31;1;158524;VAMOS LOCAÇÃO DE CAMINHÕES, MÁQUINAS E EQUIPAMENTOS S.A.;353111;Capital Emitido;2026-05-15;1168794260.67;;1221826865;0;1221826865
23.373.000/0001-32;2026-12-31;1;158524;VAMOS LOCAÇÃO DE CAMINHÕES, MÁQUINAS E EQUIPAMENTOS S.A.;353112;Capital Subscrito;2026-05-15;1168794260.67;;1221826865;0;1221826865
23.373.000/0001-32;2026-12-31;1;158524;VAMOS LOCAÇÃO DE CAMINHÕES, MÁQUINAS E EQUIPAMENTOS S.A.;353113;Capital Integralizado;2026-05-15;1168794260.67;;1221826865;0;1221826865
23.373.000/0001-32;2026-12-31;1;158524;VAMOS LOCAÇÃO DE CAMINHÕES, MÁQUINAS E EQUIPAMENTOS S.A.;353114;Capital Autorizado;2021-08-13;0.00;;2778173135;0;2778173135
23.438.929/0001-00;2026-12-31;1;158159;ALARES INTERNET PARTICIPAÇÕES S/A;352228;Capital Emitido;2026-01-05;953131294.95;;358978110;0;358978110
23.438.929/0001-00;2026-12-31;1;158159;ALARES INTERNET PARTICIPAÇÕES S/A;352229;Capital Subscrito;2026-01-05;953131294.95;;358978110;0;358978110
23.438.929/0001-00;2026-12-31;1;158159;ALARES INTERNET PARTICIPAÇÕES S/A;352230;Capital Integralizado;2026-01-05;953131294.95;;358978110;0;358978110
23.438.929/0001-00;2026-12-31;1;158159;ALARES INTERNET PARTICIPAÇÕES S/A;352231;Capital Autorizado;2020-08-13;2000000000.00;;0;0;0
24.230.275/0001-80;2026-12-31;1;158587;PLANO & PLANO DESENVOLVIMENTO IMOBILIÁRIO S.A.;353269;Capital Emitido;2024-09-04;175228042.27;;203901000;0;203901000
24.230.275/0001-80;2026-12-31;1;158587;PLANO & PLANO DESENVOLVIMENTO IMOBILIÁRIO S.A.;353270;Capital Subscrito;2024-09-04;175228042.27;;203901000;0;203901000
24.230.275/0001-80;2026-12-31;1;158587;PLANO & PLANO DESENVOLVIMENTO IMOBILIÁRIO S.A.;353271;Capital Integralizado;2024-09-04;175228042.27;;203901000;0;203901000
24.230.275/0001-80;2026-12-31;1;158587;PLANO & PLANO DESENVOLVIMENTO IMOBILIÁRIO S.A.;353272;Capital Autorizado;2023-08-17;824771957.73;;0;0;0
24.396.489/0001-20;2026-12-31;4;156028;BRK AMBIENTAL PARTICIPAÇÕES S.A.;348531;Capital Autorizado;2022-05-30;0.00;;312500000;0;312500000
24.396.489/0001-20;2026-12-31;4;156028;BRK AMBIENTAL PARTICIPAÇÕES S.A.;348532;Capital Emitido;2020-09-30;4008806292.77;-;661574766;0;661574766
24.396.489/0001-20;2026-12-31;4;156028;BRK AMBIENTAL PARTICIPAÇÕES S.A.;348533;Capital Subscrito;2020-09-30;4008806292.77;-;661574766;0;661574766
24.396.489/0001-20;2026-12-31;4;156028;BRK AMBIENTAL PARTICIPAÇÕES S.A.;348534;Capital Integralizado;2020-09-30;4008806292.77;;661574766;0;661574766
24.921.465/0001-43;2026-12-31;1;158090;BLUEFIT ACADEMIAS DE GINÁSTICA E PARTICIPAÇÕES S.A.;352060;Capital Emitido;2023-10-31;113259430.07;N/A;134775745;0;134775745
24.921.465/0001-43;2026-12-31;1;158090;BLUEFIT ACADEMIAS DE GINÁSTICA E PARTICIPAÇÕES S.A.;352061;Capital Subscrito;2023-10-31;113259430.07;N/A;134775745;0;134775745
24.921.465/0001-43;2026-12-31;1;158090;BLUEFIT ACADEMIAS DE GINÁSTICA E PARTICIPAÇÕES S.A.;352062;Capital Integralizado;2023-10-31;113259430.07;N/A;134775745;0;134775745
24.921.465/0001-43;2026-12-31;1;158090;BLUEFIT ACADEMIAS DE GINÁSTICA E PARTICIPAÇÕES S.A.;352063;Capital Autorizado;2021-09-01;0.00;N/A;40000000;0;40000000
24.990.777/0001-09;2026-12-31;1;158148;GRUPO MATEUS S.A.;352199;Capital Emitido;2026-01-06;8880420020.13;Não aplicável;2303692568;0;2303692568
24.990.777/0001-09;2026-12-31;1;158148;GRUPO MATEUS S.A.;352200;Capital Subscrito;2026-01-06;8880420020.13;Não aplicável;2303692568;0;2303692568
24.990.777/0001-09;2026-12-31;1;158148;GRUPO MATEUS S.A.;352201;Capital Integralizado;2026-01-06;8880420020.13;Não aplicável;2303692568;0;2303692568
24.990.777/0001-09;2026-12-31;1;158148;GRUPO MATEUS S.A.;352202;Capital Autorizado;2020-08-13;0.00;;160136628;0;160136628
25.369.840/0001-57;2026-12-31;1;158471;COMERC ENERGIA S.A.;352980;Capital Emitido;2026-03-25;6157793097.58;;657425979;0;657425979
25.369.840/0001-57;2026-12-31;1;158471;COMERC ENERGIA S.A.;352981;Capital Subscrito;2026-03-25;6157793097.58;;657425979;0;657425979
25.369.840/0001-57;2026-12-31;1;158471;COMERC ENERGIA S.A.;352982;Capital Integralizado;2026-03-25;6157793097.58;;657425979;0;657425979
25.369.840/0001-57;2026-12-31;1;158471;COMERC ENERGIA S.A.;352983;Capital Autorizado;2021-08-06;0.00;;0;0;0
26.462.693/0001-28;2026-12-31;1;158162;LAVVI EMPREENDIMENTOS IMOBILIÁRIOS S.A.;352232;Capital Emitido;2025-02-04;1133580652.00;31/08/2020;195434352;0;195434352
26.462.693/0001-28;2026-12-31;1;158162;LAVVI EMPREENDIMENTOS IMOBILIÁRIOS S.A.;352233;Capital Subscrito;2025-02-04;1133580652.00;31/08/2020;195434352;0;195434352
26.462.693/0001-28;2026-12-31;1;158162;LAVVI EMPREENDIMENTOS IMOBILIÁRIOS S.A.;352234;Capital Integralizado;2025-02-04;1133580652.00;31/08/2020;195434352;0;195434352
26.462.693/0001-28;2026-12-31;1;158162;LAVVI EMPREENDIMENTOS IMOBILIÁRIOS S.A.;352235;Capital Autorizado;2020-06-19;0.00;;1500000000;0;1500000000
26.609.050/0001-64;2026-12-31;1;158540;TRAVESSIA SECURITIZADORA S.A.;353144;Capital Integralizado;2020-06-09;187677.00;;187677;0;187677
26.609.050/0001-64;2026-12-31;1;158540;TRAVESSIA SECURITIZADORA S.A.;353145;Capital Integralizado;2016-12-07;50000.00;;50000;0;50000
26.609.050/0001-64;2026-12-31;1;158540;TRAVESSIA SECURITIZADORA S.A.;353146;Capital Emitido;2016-10-27;50000.00;;50000;0;50000
26.609.050/0001-64;2026-12-31;1;158540;TRAVESSIA SECURITIZADORA S.A.;353147;Capital Subscrito;2016-10-27;50000.00;;50000;0;50000
26.609.050/0001-64;2026-12-31;1;158540;TRAVESSIA SECURITIZADORA S.A.;353148;Capital Autorizado;2016-10-27;5000000.00;;0;0;0
26.659.061/0001-59;2026-12-31;1;158556;MPM CORPÓREOS S.A.;353197;Capital Emitido;2022-10-26;1483830682.19;Totalmente integralizado;361423066;0;361423066
26.659.061/0001-59;2026-12-31;1;158556;MPM CORPÓREOS S.A.;353198;Capital Subscrito;2022-10-26;1483830682.19;Totalmente integralizado;361423066;0;361423066
26.659.061/0001-59;2026-12-31;1;158556;MPM CORPÓREOS S.A.;353199;Capital Integralizado;2022-10-26;1483830682.19;Totalmente integralizado;361423066;0;361423066
26.659.061/0001-59;2026-12-31;1;158556;MPM CORPÓREOS S.A.;353200;Capital Autorizado;2021-01-28;0.00;;54608594;0;54608594
26.664.057/0001-89;2026-12-31;1;158284;ENTREVIAS CONCESSIONÁRIA DE RODOVIAS S.A.;352525;Capital Emitido;2018-03-08;580628065.00;-;580628065;0;580628065
26.664.057/0001-89;2026-12-31;1;158284;ENTREVIAS CONCESSIONÁRIA DE RODOVIAS S.A.;352526;Capital Subscrito;2018-03-08;580628065.00;-;580628065;0;580628065
26.664.057/0001-89;2026-12-31;1;158284;ENTREVIAS CONCESSIONÁRIA DE RODOVIAS S.A.;352527;Capital Integralizado;2018-03-08;580628065.00;;580628065;0;580628065
26.845.702/0001-60;2026-12-31;1;158244;BELÉM TRANSMISSORA DE ENERGIA S.A;352427;Capital Integralizado;2020-11-04;146857116.49;;146857116;0;146857116
26.845.702/0001-60;2026-12-31;1;158244;BELÉM TRANSMISSORA DE ENERGIA S.A;352428;Capital Emitido;2020-11-04;146857116.49;;146857116;0;146857116
26.845.702/0001-60;2026-12-31;1;158244;BELÉM TRANSMISSORA DE ENERGIA S.A;352429;Capital Subscrito;2020-11-04;146857116.49;;146857116;0;0
26.845.702/0001-60;2026-12-31;1;158244;BELÉM TRANSMISSORA DE ENERGIA S.A;352430;Capital Autorizado;2017-09-20;197000000.00;;0;0;0
27.137.879/0001-74;2026-12-31;1;158606;CIA SEC DE CRÉDITOS FINANCEIROS CARTÕES CONSIGNADOS I;353325;Capital Emitido;2017-02-03;10000.00;24 meses;0;10000;10000
27.137.879/0001-74;2026-12-31;1;158606;CIA SEC DE CRÉDITOS FINANCEIROS CARTÕES CONSIGNADOS I;353326;Capital Subscrito;2017-02-03;10000.00;24 meses;10000;0;10000
27.137.879/0001-74;2026-12-31;1;158606;CIA SEC DE CRÉDITOS FINANCEIROS CARTÕES CONSIGNADOS I;353327;Capital Integralizado;2017-02-03;1000.00;24 meses;1000;0;1000
27.157.474/0001-06;2026-12-31;1;158573;ÁGUAS DE TERESINA SANEAMENTO SPE S.A.;353231;Capital Emitido;2018-06-22;86579150.00;N/A;86579150;0;86579150
27.157.474/0001-06;2026-12-31;1;158573;ÁGUAS DE TERESINA SANEAMENTO SPE S.A.;353232;Capital Integralizado;2017-02-21;12987872.50;N/A;86579150;0;86579150
27.157.474/0001-06;2026-12-31;1;158573;ÁGUAS DE TERESINA SANEAMENTO SPE S.A.;353233;Capital Subscrito;2017-02-21;86579150.00;N/A;86579150;0;86579150
27.967.244/0001-02;2026-12-31;1;158241;TAPAJÓS TRANSMISSORA DE ENERGIA S.A.;352421;Capital Integralizado;2020-08-11;171170600.64;N/A;171170600;0;171170600
27.967.244/0001-02;2026-12-31;1;158241;TAPAJÓS TRANSMISSORA DE ENERGIA S.A.;352422;Capital Subscrito;2020-08-11;171170600.64;N/A;171170600;0;171170600
27.967.244/0001-02;2026-12-31;1;158241;TAPAJÓS TRANSMISSORA DE ENERGIA S.A.;352423;Capital Emitido;2020-08-11;171170600.64;N/A;171170600;0;171170600
27.967.244/0001-02;2026-12-31;1;158241;TAPAJÓS TRANSMISSORA DE ENERGIA S.A.;352424;Capital Autorizado;2017-09-20;330000000.00;N/A;0;0;0
28.019.100/0001-89;2026-12-31;2;157843;VIAPAULISTA S.A.;351600;Capital Autorizado;2020-12-10;1348385843.00;;1397784793;0;1397784793
28.019.100/0001-89;2026-12-31;2;157843;VIAPAULISTA S.A.;351601;Capital Integralizado;2020-01-24;1394885843.00;;0;0;0
28.019.100/0001-89;2026-12-31;2;157843;VIAPAULISTA S.A.;351602;Capital Subscrito;2023-06-28;1441385843.00;;148905074000;0;0
28.127.603/0001-78;2026-12-31;3;158463;BANESTES S.A. - BCO EST ESPIRITO SANTO;352949;Capital Emitido;2025-04-25;1900000000.00;;254106600;93397546;347504146
28.127.603/0001-78;2026-12-31;3;158463;BANESTES S.A. - BCO EST ESPIRITO SANTO;352950;Capital Subscrito;2025-04-25;1900000000.00;;254106600;93397546;347504146
28.127.603/0001-78;2026-12-31;3;158463;BANESTES S.A. - BCO EST ESPIRITO SANTO;352951;Capital Integralizado;2025-04-25;1900000000.00;;254106600;93397546;347504146
28.152.650/0001-71;2026-12-31;1;158102;EDP ESPIRITO SANTO DISTRIBUIÇÃO DE ENERGIA S.A.;352088;Capital Subscrito;2023-12-27;893995761.46;;5876012;0;5876012
28.152.650/0001-71;2026-12-31;1;158102;EDP ESPIRITO SANTO DISTRIBUIÇÃO DE ENERGIA S.A.;352089;Capital Integralizado;2023-12-27;893995761.46;;5876012;0;5876012
28.152.650/0001-71;2026-12-31;1;158102;EDP ESPIRITO SANTO DISTRIBUIÇÃO DE ENERGIA S.A.;352090;Capital Emitido;2023-12-27;893995761.46;;5876012;0;5876012
28.195.667/0001-06;2026-12-31;1;158446;BCO ABC BRASIL S.A.;352901;Capital Emitido;2026-03-23;6012662261.47;;131090713;129510368;260601081
28.195.667/0001-06;2026-12-31;1;158446;BCO ABC BRASIL S.A.;352902;Capital Subscrito;2026-03-23;6012662261.47;;131090713;129510368;260601081
28.195.667/0001-06;2026-12-31;1;158446;BCO ABC BRASIL S.A.;352903;Capital Integralizado;2026-03-23;6012662261.47;;131090713;129510368;260601081
28.195.667/0001-06;2026-12-31;1;158446;BCO ABC BRASIL S.A.;352904;Capital Autorizado;2026-03-23;1987337738.53;;0;0;0
28.201.130/0001-01;2026-12-31;1;158510;ENERGISA TRANSMISSÃO DE ENERGIA S/A;353081;Capital Emitido;2026-04-24;2449270995.00;A vista;3453571545;0;3453571545
28.201.130/0001-01;2026-12-31;1;158510;ENERGISA TRANSMISSÃO DE ENERGIA S/A;353082;Capital Integralizado;2026-04-24;2449270995.00;A vista;3453571545;0;3453571545
28.201.130/0001-01;2026-12-31;1;158510;ENERGISA TRANSMISSÃO DE ENERGIA S/A;353083;Capital Subscrito;2026-04-24;2449270995.00;A vista;3453571545;0;3453571545
28.201.130/0001-01;2026-12-31;1;158510;ENERGISA TRANSMISSÃO DE ENERGIA S/A;353084;Capital Autorizado;2018-07-18;0.00;N/A;100000000;0;100000000
28.367.479/0001-18;2026-12-31;1;158136;QUANTUM PARTICIPAÇÕES S.A;352188;Capital Emitido;2026-05-08;134772800.03;Até 365 dias;286674503;0;286674503
28.367.479/0001-18;2026-12-31;1;158136;QUANTUM PARTICIPAÇÕES S.A;352189;Capital Subscrito;2026-05-08;134772800.03;até 365 dias;286674503;0;286674503
28.367.479/0001-18;2026-12-31;1;158136;QUANTUM PARTICIPAÇÕES S.A;352190;Capital Integralizado;2026-05-08;134772800.03;Até 365 dias;286674503;0;286674503
28.594.234/0001-23;2026-12-31;1;158460;AUREN ENERGIA S.A.;352937;Capital Emitido;2024-10-31;6187771522.46;;1050377974;0;1050377974
28.594.234/0001-23;2026-12-31;1;158460;AUREN ENERGIA S.A.;352938;Capital Integralizado;2024-10-31;6187771522.46;;1050377974;0;1050377974
28.594.234/0001-23;2026-12-31;1;158460;AUREN ENERGIA S.A.;352939;Capital Subscrito;2024-10-31;6187771522.46;;1050377974;0;1050377974
28.594.234/0001-23;2026-12-31;1;158460;AUREN ENERGIA S.A.;352940;Capital Autorizado;2024-10-31;0.00;;474622026;0;474622026
28.925.264/0001-75;2026-12-31;1;156700;COMPANHIA ENERGÉTICA JAGUARA;350174;Capital Integralizado;2025-08-14;882643699.00;Não aplicável.;875448805;0;875448805
28.925.264/0001-75;2026-12-31;1;156700;COMPANHIA ENERGÉTICA JAGUARA;350175;Capital Subscrito;2025-08-14;882643699.00;Não aplicável.;875448805;0;875448805
28.925.264/0001-75;2026-12-31;1;156700;COMPANHIA ENERGÉTICA JAGUARA;350176;Capital Autorizado;2018-01-10;1117356301.00;Não aplicável.;0;0;0
28.925.264/0001-75;2026-12-31;1;156700;COMPANHIA ENERGÉTICA JAGUARA;350177;Capital Emitido;2025-08-14;882643699.00;Não aplicável.;875448805;0;875448805
28.942.127/0001-49;2026-12-31;1;156698;COMPANHIA ENERGÉTICA MIRANDA;350069;Capital Emitido;2025-08-14;598277543.00;N/A;590713140;0;590713140
28.942.127/0001-49;2026-12-31;1;156698;COMPANHIA ENERGÉTICA MIRANDA;350070;Capital Integralizado;2025-08-14;598277543.00;N/A;590713140;0;590713140
28.942.127/0001-49;2026-12-31;1;156698;COMPANHIA ENERGÉTICA MIRANDA;350071;Capital Subscrito;2025-08-14;598277543.00;N/A;590713140;0;590713140
28.942.127/0001-49;2026-12-31;1;156698;COMPANHIA ENERGÉTICA MIRANDA;350072;Capital Autorizado;2018-01-10;1401722457.00;N/A;0;0;0
29.780.061/0001-09;2026-12-31;1;158616;SAO CARLOS EMPREEND E PARTICIPACOES S.A.;353354;Capital Integralizado;2017-04-28;1073911676.48;;57737319;0;57737319
29.780.061/0001-09;2026-12-31;1;158616;SAO CARLOS EMPREEND E PARTICIPACOES S.A.;353355;Capital Autorizado;2017-04-28;1073911676.48;;97737319;0;97737319
29.780.061/0001-09;2026-12-31;1;158616;SAO CARLOS EMPREEND E PARTICIPACOES S.A.;353356;Capital Subscrito;2017-04-28;1073911676.48;;57737319;0;57737319
29.780.061/0001-09;2026-12-31;1;158616;SAO CARLOS EMPREEND E PARTICIPACOES S.A.;353357;Capital Emitido;2017-04-28;1073911676.48;;57737319;0;57737319
29.884.545/0001-90;2026-12-31;1;158123;ECORIOMINAS CONCESSIONÁRIA DE RODOVIAS S.A.;352150;Capital Autorizado;2025-12-10;696293607.92;;0;0;0
29.884.545/0001-90;2026-12-31;1;158123;ECORIOMINAS CONCESSIONÁRIA DE RODOVIAS S.A.;352151;Capital Emitido;2025-12-10;903706392.08;;903706392;0;903706392
29.884.545/0001-90;2026-12-31;1;158123;ECORIOMINAS CONCESSIONÁRIA DE RODOVIAS S.A.;352152;Capital Subscrito;2025-12-10;903706392.08;;903706392;0;903706392
29.884.545/0001-90;2026-12-31;1;158123;ECORIOMINAS CONCESSIONÁRIA DE RODOVIAS S.A.;352153;Capital Integralizado;2025-12-10;903706392.08;;903706392;0;903706392
29.980.141/0001-08;2026-12-31;1;157944;OCEÂNICA ENGENHARIA E CONSULTORIA S.A.;351838;Capital Emitido;2024-04-25;57670548.83;25/04/2024;30000000;0;30000000
29.980.141/0001-08;2026-12-31;1;157944;OCEÂNICA ENGENHARIA E CONSULTORIA S.A.;351839;Capital Subscrito;2024-04-25;57670548.83;25/04/2024;30000000;0;30000000
29.980.141/0001-08;2026-12-31;1;157944;OCEÂNICA ENGENHARIA E CONSULTORIA S.A.;351840;Capital Integralizado;2024-04-25;57670548.83;25/04/2024;30000000;0;30000000
29.980.141/0001-08;2026-12-31;1;157944;OCEÂNICA ENGENHARIA E CONSULTORIA S.A.;351841;Capital Autorizado;2021-08-16;0.00;000;30000000;0;30000000
30.213.493/0001-09;2026-12-31;1;158369;TEGRA INCORPORADORA S.A.;352706;Capital Emitido;2025-03-19;557870865.81;;334150965;0;334150965
30.213.493/0001-09;2026-12-31;1;158369;TEGRA INCORPORADORA S.A.;352707;Capital Subscrito;2025-03-19;557870865.81;;334150965;0;334150965
30.213.493/0001-09;2026-12-31;1;158369;TEGRA INCORPORADORA S.A.;352708;Capital Integralizado;2025-03-19;557870865.81;;334150965;0;334150965
30.213.493/0001-09;2026-12-31;1;158369;TEGRA INCORPORADORA S.A.;352709;Capital Autorizado;2020-11-09;7000000000.00;Não aplicável;0;0;0
30.306.294/0001-45;2026-12-31;1;158552;BCO BTG PACTUAL S.A.;353183;Capital Emitido;2021-11-12;16004582221.58;N/A;7298813414;4371250052;11670063466
30.306.294/0001-45;2026-12-31;1;158552;BCO BTG PACTUAL S.A.;353184;Capital Integralizado;2025-12-15;62415686073.31;N/A;7298813414;4371250052;11670063466
31.001.230/0001-07;2026-12-31;1;158291;CELEO REDES TRANSMISSÃO DE ENERGIA S.A.;352537;Capital Integralizado;2018-12-07;85600000.00;26/12/2018;85600000;0;85600000
31.748.174/0001-60;2026-12-31;1;158205;VERO S.A.;352339;Capital Emitido;2025-01-02;1015926923.94;;156934120;0;156934120
31.748.174/0001-60;2026-12-31;1;158205;VERO S.A.;352340;Capital Subscrito;2025-01-02;1015926923.94;;156934120;0;156934120
31.748.174/0001-60;2026-12-31;1;158205;VERO S.A.;352341;Capital Integralizado;2025-01-02;1015926923.94;;156934120;0;156934120
31.748.174/0001-60;2026-12-31;1;158205;VERO S.A.;352342;Capital Autorizado;2023-12-01;0.00;;400000000;0;400000000
32.161.500/0001-00;2026-12-31;1;158564;CONCESSIONÁRIA DAS RODOVIAS INTEGRADAS DO SUL S.A.;353208;Capital Integralizado;2019-12-23;1188456196.00;;1188456196;0;1188456196
32.161.500/0001-00;2026-12-31;1;158564;CONCESSIONÁRIA DAS RODOVIAS INTEGRADAS DO SUL S.A.;353209;Capital Emitido;2026-02-02;1667456196.00;;166745619600;0;166745619600
32.161.500/0001-00;2026-12-31;1;158564;CONCESSIONÁRIA DAS RODOVIAS INTEGRADAS DO SUL S.A.;353210;Capital Subscrito;2026-02-02;1667456196.00;;166745619600;0;166745619600
32.431.519/0001-10;2026-12-31;1;158478;HÉLIO VALGAS SOLAR PARTICIPAÇÕES S.A.;353002;Capital Emitido;2023-06-30;1049594261.80;N/A;594000000;0;594000000
32.431.519/0001-10;2026-12-31;1;158478;HÉLIO VALGAS SOLAR PARTICIPAÇÕES S.A.;353003;Capital Subscrito;2023-06-30;1049594261.80;N/A;594000000;0;594000000
32.431.519/0001-10;2026-12-31;1;158478;HÉLIO VALGAS SOLAR PARTICIPAÇÕES S.A.;353004;Capital Integralizado;2023-06-30;1020603627.69;N/A;594000000;0;594000000
33.000.167/0001-01;2026-12-31;2;157986;PETROLEO BRASILEIRO S.A. PETROBRAS;351886;Capital Emitido;2014-04-02;205431960490.52;Não aplicável;7442231382;5446501379;12888732761
33.000.167/0001-01;2026-12-31;2;157986;PETROLEO BRASILEIRO S.A. PETROBRAS;351887;Capital Subscrito;2014-04-02;205431960490.52;Não aplicável;7442231382;5446501379;12888732761
33.000.167/0001-01;2026-12-31;2;157986;PETROLEO BRASILEIRO S.A. PETROBRAS;351888;Capital Integralizado;2014-04-02;205431960490.52;;7442231382;5446501379;12888732761
33.041.260/0652-90;2026-12-31;1;158397;GRUPO CASAS BAHIA S.A.;352786;Capital Emitido;2026-04-13;7124849495.39;Totalmente Integralizado;975864785;0;975864785
33.041.260/0652-90;2026-12-31;1;158397;GRUPO CASAS BAHIA S.A.;352787;Capital Subscrito;2026-04-13;7124849495.39;Totalmente Integralizado;975864785;0;975864785
33.041.260/0652-90;2026-12-31;1;158397;GRUPO CASAS BAHIA S.A.;352788;Capital Integralizado;2026-04-13;7124849495.39;Totalmente Integralizado;975864785;0;975864785
33.041.260/0652-90;2026-12-31;1;158397;GRUPO CASAS BAHIA S.A.;352789;Capital Autorizado;2025-12-17;6125150504.61;;0;0;0
33.042.730/0001-04;2026-12-31;2;158164;CIA SIDERURGICA NACIONAL;352240;Capital Emitido;2022-05-18;10240000000.00;Não Aplicável;1326093947;0;1326093947
33.042.730/0001-04;2026-12-31;2;158164;CIA SIDERURGICA NACIONAL;352241;Capital Subscrito;2022-05-18;10240000000.00;Não Aplicável;1326093947;0;1326093947
33.042.730/0001-04;2026-12-31;2;158164;CIA SIDERURGICA NACIONAL;352242;Capital Integralizado;2022-05-18;10240000000.00;;1326093947;0;1326093947
33.042.730/0001-04;2026-12-31;2;158164;CIA SIDERURGICA NACIONAL;352243;Capital Autorizado;2010-03-25;0.00;Não Aplicável;2400000000;0;2400000000
33.050.071/0001-58;2026-12-31;1;158589;AMPLA ENERGIA E SERVICOS S.A.;353277;Capital Emitido;2025-12-16;8553230392.30;;453223943;0;453223943
33.050.071/0001-58;2026-12-31;1;158589;AMPLA ENERGIA E SERVICOS S.A.;353278;Capital Subscrito;2025-12-16;8553230392.30;;453223943;0;453223943
33.050.071/0001-58;2026-12-31;1;158589;AMPLA ENERGIA E SERVICOS S.A.;353279;Capital Integralizado;2025-12-16;8553230392.30;;453223943;0;453223943
33.050.196/0001-88;2026-12-31;1;158064;CIA PAULISTA DE FORCA E LUZ;352008;Capital Emitido;2026-04-23;1686978720.44;;880653031;0;880653031
33.050.196/0001-88;2026-12-31;1;158064;CIA PAULISTA DE FORCA E LUZ;352009;Capital Subscrito;2026-04-23;1686978720.44;;880653031;0;880653031
33.050.196/0001-88;2026-12-31;1;158064;CIA PAULISTA DE FORCA E LUZ;352010;Capital Integralizado;2026-04-26;1686978720.44;;880653031;0;880653031
33.200.049/0001-47;2026-12-31;1;158091;HOTEIS OTHON S.A. - EM RECUPERAÇÃO JUDICIAL;352064;Capital Integralizado;1996-04-30;31984164.60;;10477917;7894494;18372411
33.228.024/0001-51;2026-12-31;1;158614;WLM PART. E COMÉRCIO DE MÁQUINAS E VEÍCULOS S.A.;353347;Capital Autorizado;2024-12-13;600000000.00;;16571220;19843450;36414670
33.228.024/0001-51;2026-12-31;1;158614;WLM PART. E COMÉRCIO DE MÁQUINAS E VEÍCULOS S.A.;353348;Capital Integralizado;2025-12-26;557377908.38;;16571220;19843450;36414670
33.228.024/0001-51;2026-12-31;1;158614;WLM PART. E COMÉRCIO DE MÁQUINAS E VEÍCULOS S.A.;353349;Capital Subscrito;2025-12-26;557377908.38;;16571220;19843450;36414670
33.256.439/0001-39;2026-12-31;1;158348;ULTRAPAR PARTICIPACOES S.A.;352669;Capital Emitido;2026-04-15;7987099839.90;Todo capital foi integralizado;1115849873;0;1115849873
33.256.439/0001-39;2026-12-31;1;158348;ULTRAPAR PARTICIPACOES S.A.;352670;Capital Subscrito;2026-04-15;7987099839.90;Todo capital foi integralizado;1115849873;0;1115849873
33.256.439/0001-39;2026-12-31;1;158348;ULTRAPAR PARTICIPACOES S.A.;352671;Capital Integralizado;2026-04-15;7987099839.90;Todo capital foi integralizado;1115849873;0;1115849873
33.256.439/0001-39;2026-12-31;1;158348;ULTRAPAR PARTICIPACOES S.A.;352672;Capital Autorizado;2019-04-10;0.00;;1600000000;0;1600000000
33.376.989/0001-91;2026-12-31;1;158615;IRB - BRASIL RESSEGUROS S.A.;353350;Capital Emitido;2025-01-13;5453080000.00;N/A;81842886;1;81842887
33.376.989/0001-91;2026-12-31;1;158615;IRB - BRASIL RESSEGUROS S.A.;353351;Capital Subscrito;2025-01-13;5453080000.00;N/A;81842886;1;81842887
33.376.989/0001-91;2026-12-31;1;158615;IRB - BRASIL RESSEGUROS S.A.;353352;Capital Integralizado;2025-01-13;5453080000.00;N/A;81842886;1;81842887
33.376.989/0001-91;2026-12-31;1;158615;IRB - BRASIL RESSEGUROS S.A.;353353;Capital Autorizado;2022-09-01;0.00;N/A;0;0;0
33.386.210/0001-19;2026-12-31;1;158002;SONDOTECNICA ENGENHARIA SOLOS S.A.;351929;Capital Integralizado;2013-06-10;34200000.00;;856000;1601900;2457900
33.453.598/0001-23;2026-03-31;11;157721;RAÍZEN S.A.;351315;Capital Emitido;2021-09-03;6859669990.00;Não aplicável;8993572584;1358936900;10352509484
33.453.598/0001-23;2026-03-31;11;157721;RAÍZEN S.A.;351316;Capital Subscrito;2021-09-03;6859669990.00;Não aplicável;8993572584;1358936900;10352509484
33.453.598/0001-23;2026-03-31;11;157721;RAÍZEN S.A.;351317;Capital Autorizado;2021-07-12;0.00;N/A;2000000000;0;2000000000
33.453.598/0001-23;2026-03-31;11;157721;RAÍZEN S.A.;351318;Capital Integralizado;2021-09-03;6859669990.00;N/A;8993572584;1358936900;10352509484
33.541.368/0001-16;2026-12-31;1;158153;AXIA ENERGIA NORDESTE S.A.;352210;Capital Emitido;2023-05-31;19370175661.94;Não se aplica.;54151081;1753814;55904895
33.541.368/0001-16;2026-12-31;1;158153;AXIA ENERGIA NORDESTE S.A.;352211;Capital Subscrito;2023-05-31;19370175661.94;Não se aplica.;54151081;1753814;55904895
33.541.368/0001-16;2026-12-31;1;158153;AXIA ENERGIA NORDESTE S.A.;352212;Capital Integralizado;2023-05-31;19370175661.94;Não se aplica.;54151081;1753814;55904895
33.592.510/0001-54;2026-12-31;2;157937;VALE S.A.;351827;Capital Emitido;2026-04-30;77800000000.00;;4439159752;12;4439159764
33.592.510/0001-54;2026-12-31;2;157937;VALE S.A.;351828;Capital Autorizado;2017-06-27;0.00;N/A;7000000000;0;7000000000
33.592.510/0001-54;2026-12-31;2;157937;VALE S.A.;351829;Capital Subscrito;2026-04-30;77800000000.00;N/A;4439159752;12;4439159764
33.592.510/0001-54;2026-12-31;2;157937;VALE S.A.;351830;Capital Integralizado;2026-04-30;77800000000.00;N/A;4439159752;12;4439159764
33.611.500/0001-19;2026-12-31;1;158211;GERDAU S.A.;352357;Capital Autorizado;2019-04-17;19323246666.00;Não há;1500000000;3000000000;4500000000
33.611.500/0001-19;2026-12-31;1;158211;GERDAU S.A.;352358;Capital Emitido;2026-04-27;24347290800.00;Não há.;717138819;1268017330;1985156149
33.611.500/0001-19;2026-12-31;1;158211;GERDAU S.A.;352359;Capital Integralizado;2026-04-27;24347290800.00;Não há;717138819;1268017330;1985156149
33.611.500/0001-19;2026-12-31;1;158211;GERDAU S.A.;352360;Capital Subscrito;2026-04-27;24347290800.00;Não há.;717138819;1268017330;1985156149
33.938.119/0001-69;2026-12-31;1;158132;CIA DISTRIB DE GAS DO RIO DE JANEIRO-CEG;352179;Capital Integralizado;2018-04-27;644459816.32;;259637732;0;259637732
33.938.119/0001-69;2026-12-31;1;158132;CIA DISTRIB DE GAS DO RIO DE JANEIRO-CEG;352180;Capital Integralizado;2017-04-27;587923363.25;;259637732;0;259637732
33.938.119/0001-69;2026-12-31;1;158132;CIA DISTRIB DE GAS DO RIO DE JANEIRO-CEG;352181;Capital Integralizado;2016-04-27;544499820.60;;259637732;0;259637732
33.938.119/0001-69;2026-12-31;1;158132;CIA DISTRIB DE GAS DO RIO DE JANEIRO-CEG;352182;Capital Integralizado;2015-04-28;442829673.00;;51927546473;0;51927546473
33.938.119/0001-69;2026-12-31;1;158132;CIA DISTRIB DE GAS DO RIO DE JANEIRO-CEG;352183;Capital Integralizado;2014-04-30;362585443.49;;51927546473;0;51927546473
33.938.119/0001-69;2026-12-31;1;158132;CIA DISTRIB DE GAS DO RIO DE JANEIRO-CEG;352184;Capital Subscrito;2013-04-29;362342011.76;Totalmente integralizado;51927546473;0;51927546473
33.938.119/0001-69;2026-12-31;1;158132;CIA DISTRIB DE GAS DO RIO DE JANEIRO-CEG;352185;Capital Integralizado;2013-04-29;362342011.76;Totalmente integralizado;51927546473;0;51927546473
33.958.695/0001-78;2026-12-31;1;158481;UNIPAR CARBOCLORO S.A.;353013;Capital Emitido;2024-04-18;1170109718.07;;39059883;74113382;113173265
33.958.695/0001-78;2026-12-31;1;158481;UNIPAR CARBOCLORO S.A.;353014;Capital Subscrito;2024-04-18;1170109718.07;;39059883;74113382;113173265
33.958.695/0001-78;2026-12-31;1;158481;UNIPAR CARBOCLORO S.A.;353015;Capital Integralizado;2024-04-18;1170109718.07;;39059883;74113382;113173265
33.958.695/0001-78;2026-12-31;1;158481;UNIPAR CARBOCLORO S.A.;353016;Capital Autorizado;2024-04-18;29890281.93;;0;0;0
34.169.557/0001-72;2026-12-31;1;158444;BCO MERCANTIL DE INVESTIMENTOS S.A.;352893;Capital Emitido;2018-04-02;82028400.00;;4115057;710143;4825200
34.169.557/0001-72;2026-12-31;1;158444;BCO MERCANTIL DE INVESTIMENTOS S.A.;352894;Capital Subscrito;2018-04-02;82028400.00;;4115057;710143;4825200
34.169.557/0001-72;2026-12-31;1;158444;BCO MERCANTIL DE INVESTIMENTOS S.A.;352895;Capital Integralizado;2018-04-02;82028400.00;;4115057;710143;4825200
34.169.557/0001-72;2026-12-31;1;158444;BCO MERCANTIL DE INVESTIMENTOS S.A.;352896;Capital Autorizado;2016-03-02;500000000.00;;0;0;0
34.274.233/0001-02;2026-12-31;1;158613;VIBRA ENERGIA S/A;353343;Capital Emitido;2025-11-19;12051385954.12;Totalmente integralizado;1198563531;0;1198563531
34.274.233/0001-02;2026-12-31;1;158613;VIBRA ENERGIA S/A;353344;Capital Subscrito;2025-11-19;12051385954.12;Totalmente integralizado;1198563531;0;1198563531
34.274.233/0001-02;2026-12-31;1;158613;VIBRA ENERGIA S/A;353345;Capital Integralizado;2025-11-19;12051385954.12;Totalmente integralizado;1198563531;0;1198563531
34.274.233/0001-02;2026-12-31;1;158613;VIBRA ENERGIA S/A;353346;Capital Autorizado;2022-04-28;6965954349.44;-;0;0;0
35.522.178/0001-87;2026-12-31;1;158622;CIA SECURITIZADORA DE CRED. FIN. CARTÕES CONSIGNADOS II;353378;Capital Integralizado;2019-11-14;1000.00;24 meses;1000;0;1000
35.522.178/0001-87;2026-12-31;1;158622;CIA SECURITIZADORA DE CRED. FIN. CARTÕES CONSIGNADOS II;353379;Capital Emitido;2019-09-16;10000.00;24 meses;10000;0;10000
35.522.178/0001-87;2026-12-31;1;158622;CIA SECURITIZADORA DE CRED. FIN. CARTÕES CONSIGNADOS II;353380;Capital Subscrito;2019-09-16;10000.00;24 meses;10000;0;10000
35.593.905/0001-05;2026-12-31;1;158121;CONCESSIONÁRIA ECOVIAS DO CERRADO S.A.;352144;Capital Emitido;2024-12-20;819406625.00;;819406625;0;819406625
35.593.905/0001-05;2026-12-31;1;158121;CONCESSIONÁRIA ECOVIAS DO CERRADO S.A.;352145;Capital Subscrito;2024-12-20;819406625.00;;819406625;0;819406625
35.593.905/0001-05;2026-12-31;1;158121;CONCESSIONÁRIA ECOVIAS DO CERRADO S.A.;352146;Capital Integralizado;2024-12-20;819406625.00;;819406625;0;819406625
35.727.157/0001-06;2026-12-31;1;158572;EZ INC INCORPORAÇÕES S.A.;353227;Capital Emitido;2025-12-11;1234984419.13;N/A;200000000;0;200000000
35.727.157/0001-06;2026-12-31;1;158572;EZ INC INCORPORAÇÕES S.A.;353228;Capital Subscrito;2025-12-11;1234984419.13;N/A;200000000;0;200000000
35.727.157/0001-06;2026-12-31;1;158572;EZ INC INCORPORAÇÕES S.A.;353229;Capital Integralizado;2025-12-11;1234984419.13;N/A;200000000;0;200000000
35.727.157/0001-06;2026-12-31;1;158572;EZ INC INCORPORAÇÕES S.A.;353230;Capital Autorizado;2020-08-14;0.00;N/A;1000000000;0;1000000000
35.764.708/0001-01;2026-12-31;1;158599;BRASIL TECNOLOGIA E PARTICIPAÇÕES S.A.;353305;Capital Emitido;2025-12-02;761143148.00;N/A;155398600;30181529;185580129
35.764.708/0001-01;2026-12-31;1;158599;BRASIL TECNOLOGIA E PARTICIPAÇÕES S.A.;353306;Capital Subscrito;2025-12-02;761143148.00;N/A;155398600;30181529;185580129
35.764.708/0001-01;2026-12-31;1;158599;BRASIL TECNOLOGIA E PARTICIPAÇÕES S.A.;353307;Capital Integralizado;2025-12-02;761143148.00;N/A;155398600;30181529;185580129
35.764.708/0001-01;2026-12-31;1;158599;BRASIL TECNOLOGIA E PARTICIPAÇÕES S.A.;353308;Capital Autorizado;2025-03-28;1800000000.00;N/A;0;0;0
35.791.391/0001-94;2026-12-31;1;158360;QUALITY SOFTWARE S.A.;352691;Capital Emitido;2017-01-25;90000000.00;;861605;0;861605
35.791.391/0001-94;2026-12-31;1;158360;QUALITY SOFTWARE S.A.;352692;Capital Subscrito;2017-01-25;90000000.00;;861605;0;861605
35.791.391/0001-94;2026-12-31;1;158360;QUALITY SOFTWARE S.A.;352693;Capital Integralizado;2017-01-25;90000000.00;;861605;0;861605
35.791.391/0001-94;2026-12-31;1;158360;QUALITY SOFTWARE S.A.;352694;Capital Autorizado;2012-12-07;120000000.00;;0;0;0
35.822.503/0001-27;2026-12-31;1;158586;INSPIRALI EDUCAÇÃO S.A.;353268;Capital Emitido;2025-09-12;357618447.30;;360771409;0;360771409
35.980.592/0001-30;2026-12-31;1;158128;ELEA DIGITAL INFRAESTRUTURA E REDES DE TELECOMUNICAÇÕES S.A.;352168;Capital Integralizado;2025-04-17;74720161.65;Totalmente integralizado;74720161;0;74720161
35.980.592/0001-30;2026-12-31;1;158128;ELEA DIGITAL INFRAESTRUTURA E REDES DE TELECOMUNICAÇÕES S.A.;352169;Capital Autorizado;2021-08-30;200000000.00;;0;0;0
35.980.592/0001-30;2026-12-31;1;158128;ELEA DIGITAL INFRAESTRUTURA E REDES DE TELECOMUNICAÇÕES S.A.;352170;Capital Subscrito;2025-04-17;74720161.65;Totalmente integralizado;74720161;0;74720161
35.980.592/0001-30;2026-12-31;1;158128;ELEA DIGITAL INFRAESTRUTURA E REDES DE TELECOMUNICAÇÕES S.A.;352171;Capital Emitido;2025-04-17;74720161.65;Totalmente integralizado;74720161;0;74720161
36.146.575/0001-64;2026-12-31;1;158575;EIXO SP CONCESSIONÁRIA DE RODOVIAS S.A.;353234;Capital Autorizado;2021-12-20;1500000000.00;;0;0;0
36.146.575/0001-64;2026-12-31;1;158575;EIXO SP CONCESSIONÁRIA DE RODOVIAS S.A.;353235;Capital Integralizado;2025-01-03;1177583773.64;;1177583774;0;1177583774
36.146.575/0001-64;2026-12-31;1;158575;EIXO SP CONCESSIONÁRIA DE RODOVIAS S.A.;353236;Capital Emitido;2020-03-02;1400000000.00;7 anos;1400000000;0;1400000000
36.146.575/0001-64;2026-12-31;1;158575;EIXO SP CONCESSIONÁRIA DE RODOVIAS S.A.;353237;Capital Subscrito;2020-03-02;1400000000.00;7 anos;1400000000;0;1400000000
36.542.025/0001-64;2026-12-31;1;158379;BRQ SOLUCOES EM INFORMATICA S.A.;352727;Capital Emitido;2025-11-12;56283889.43;;133186083;5345652;138531735
36.542.025/0001-64;2026-12-31;1;158379;BRQ SOLUCOES EM INFORMATICA S.A.;352728;Capital Integralizado;2025-11-12;56283889.43;;133186083;5345652;138531735
36.542.025/0001-64;2026-12-31;1;158379;BRQ SOLUCOES EM INFORMATICA S.A.;352729;Capital Subscrito;2025-11-12;56283889.43;;133186083;5345652;138531735
36.542.025/0001-64;2026-12-31;1;158379;BRQ SOLUCOES EM INFORMATICA S.A.;352730;Capital Autorizado;2026-04-24;56238889.43;;141163000;0;141163000
37.663.076/0001-07;2026-12-31;1;158459;AUREN PARTICIPAÇÕES S.A.;352933;Capital Emitido;2026-03-30;3847927840.47;;1030531303;0;1030531303
37.663.076/0001-07;2026-12-31;1;158459;AUREN PARTICIPAÇÕES S.A.;352934;Capital Subscrito;2026-03-30;3847927840.47;;1030531303;0;1030531303
37.663.076/0001-07;2026-12-31;1;158459;AUREN PARTICIPAÇÕES S.A.;352935;Capital Integralizado;2026-03-30;3847927840.47;;1030531303;0;1030531303
37.663.076/0001-07;2026-12-31;1;158459;AUREN PARTICIPAÇÕES S.A.;352936;Capital Autorizado;2020-11-23;4600000000.00;;0;0;0
37.702.340/0001-74;2026-12-31;1;158280;AUSTRAVIAS S.A.;352521;Capital Emitido;2025-12-19;143961479.83;No ato e em até 5 dias úteis;905974758;0;905974758
37.702.340/0001-74;2026-12-31;1;158280;AUSTRAVIAS S.A.;352522;Capital Subscrito;2025-12-19;143961479.83;No ato e em até 5 dias úteis;905974758;0;905974758
37.702.340/0001-74;2026-12-31;1;158280;AUSTRAVIAS S.A.;352523;Capital Integralizado;2025-12-19;143961479.83;No ato e em até 5 dias úteis;905974758;0;905974758
37.702.340/0001-74;2026-12-31;1;158280;AUSTRAVIAS S.A.;352524;Capital Autorizado;2021-07-09;3000000000.00;N/A;0;0;0
38.042.694/0001-00;2026-12-31;1;158443;TRAVESSIA SECURITIZADORA DE CRÉDITOS FINANCEIROS S.A.;352890;Capital Emitido;2020-07-03;500.00;;500;0;500
38.042.694/0001-00;2026-12-31;1;158443;TRAVESSIA SECURITIZADORA DE CRÉDITOS FINANCEIROS S.A.;352891;Capital Subscrito;2020-07-03;500.00;;500;0;500
38.042.694/0001-00;2026-12-31;1;158443;TRAVESSIA SECURITIZADORA DE CRÉDITOS FINANCEIROS S.A.;352892;Capital Integralizado;2020-07-03;500.00;;500;0;500
38.286.323/0001-66;2026-12-31;1;158638;ASSURUÁ 4 E 5 HOLDING ENERGIA S.A.;353413;Capital Emitido;2025-12-12;260716563.67;;633123134;419827666;1052950800
38.286.323/0001-66;2026-12-31;1;158638;ASSURUÁ 4 E 5 HOLDING ENERGIA S.A.;353414;Capital Integralizado;2025-12-12;260716563.67;;633123134;419827666;1052950800
38.286.323/0001-66;2026-12-31;1;158638;ASSURUÁ 4 E 5 HOLDING ENERGIA S.A.;353415;Capital Subscrito;2025-12-12;260716563.67;;633123134;419827666;1052950800
39.580.673/0001-01;2026-12-31;1;158312;BRK AMBIENTAL - REGIÃO METROPOLITANA DE MACEIÓ S.A.;352571;Capital Emitido;2023-03-31;987825802.28;;1488754772;0;1488754772
39.580.673/0001-01;2026-12-31;1;158312;BRK AMBIENTAL - REGIÃO METROPOLITANA DE MACEIÓ S.A.;352572;Capital Subscrito;2023-03-31;987825802.28;;1488754772;0;1488754772
39.580.673/0001-01;2026-12-31;1;158312;BRK AMBIENTAL - REGIÃO METROPOLITANA DE MACEIÓ S.A.;352573;Capital Integralizado;2023-03-31;987825802.28;;1488754772;0;1488754772
40.159.947/0001-64;2026-12-31;1;158506;HMOBI PARTICIPAÇÕES S.A.;353073;Capital Emitido;2026-01-30;950578153.00;;1834130255;0;1834130255
40.159.947/0001-64;2026-12-31;1;158506;HMOBI PARTICIPAÇÕES S.A.;353074;Capital Subscrito;2026-01-30;950578153.00;;1834130255;0;1834130255
40.159.947/0001-64;2026-12-31;1;158506;HMOBI PARTICIPAÇÕES S.A.;353075;Capital Integralizado;2026-01-30;950578153.00;;1834130255;0;1834130255
40.159.947/0001-64;2026-12-31;1;158506;HMOBI PARTICIPAÇÕES S.A.;353076;Capital Autorizado;2026-01-30;884052102.00;;0;0;0
40.263.170/0001-83;2026-12-31;1;158027;SOLVI ESSENCIS AMBIENTAL S.A.;351945;Capital Emitido;2022-06-30;281382075.00;n/a;281382075;0;281382075
40.263.170/0001-83;2026-12-31;1;158027;SOLVI ESSENCIS AMBIENTAL S.A.;351946;Capital Subscrito;2022-06-30;281382075.00;n/a;281382075;0;281382075
40.263.170/0001-83;2026-12-31;1;158027;SOLVI ESSENCIS AMBIENTAL S.A.;351947;Capital Integralizado;2022-06-30;281382075.00;n/a;281382075;0;281382075
40.263.170/0001-83;2026-12-31;1;158027;SOLVI ESSENCIS AMBIENTAL S.A.;351948;Capital Autorizado;2022-06-30;0.00;;0;0;0
40.337.136/0001-06;2026-12-31;1;158346;TERRA SANTA PROPRIEDADES AGRÍCOLAS S.A.;352664;Capital Emitido;2025-12-18;650596576.33;N/A;96226962;0;96226962
40.337.136/0001-06;2026-12-31;1;158346;TERRA SANTA PROPRIEDADES AGRÍCOLAS S.A.;352665;Capital Subscrito;2025-12-18;650596576.33;N/A;96226962;0;96226962
40.337.136/0001-06;2026-12-31;1;158346;TERRA SANTA PROPRIEDADES AGRÍCOLAS S.A.;352666;Capital Integralizado;2025-12-18;650596576.33;N/A;96226962;0;96226962
40.593.395/0001-06;2026-12-31;1;158325;IFIN PARTICIPAÇÕES S.A.;352607;Capital Autorizado;2021-08-27;100000.00;;0;0;0
40.593.395/0001-06;2026-12-31;1;158325;IFIN PARTICIPAÇÕES S.A.;352608;Capital Emitido;2020-09-29;1000.00;Integralizado a vista;1000;0;1000
40.593.395/0001-06;2026-12-31;1;158325;IFIN PARTICIPAÇÕES S.A.;352609;Capital Subscrito;2020-09-29;1000.00;Integralizado à vista;1000;0;1000
40.593.395/0001-06;2026-12-31;1;158325;IFIN PARTICIPAÇÕES S.A.;352610;Capital Integralizado;2020-09-29;1000.00;;1000;0;1000
40.997.635/0001-20;2026-12-31;1;158223;TRV XLIII SECURITIZADORA DE CREDITOS MERCANTIS S.A.;352388;Capital Emitido;2021-01-21;500.00;;500;0;500
40.997.635/0001-20;2026-12-31;1;158223;TRV XLIII SECURITIZADORA DE CREDITOS MERCANTIS S.A.;352389;Capital Subscrito;2021-01-21;500.00;;500;0;500
40.997.635/0001-20;2026-12-31;1;158223;TRV XLIII SECURITIZADORA DE CREDITOS MERCANTIS S.A.;352390;Capital Integralizado;2021-01-21;500.00;;500;0;500
41.052.420/0001-07;2026-12-31;1;158406;SOLAR BEBIDAS S.A.;352808;Capital Emitido;2022-01-26;2289530207.90;Totalmente integralizado;1190097985;1140951274;2331049259
41.052.420/0001-07;2026-12-31;1;158406;SOLAR BEBIDAS S.A.;352809;Capital Subscrito;2022-01-26;2289530207.90;Totalmente integralizado;1190097985;1140951274;2331049259
41.052.420/0001-07;2026-12-31;1;158406;SOLAR BEBIDAS S.A.;352810;Capital Integralizado;2022-01-26;2289530207.90;N/A;1190097985;1140951274;2331049259
41.052.420/0001-07;2026-12-31;1;158406;SOLAR BEBIDAS S.A.;352811;Capital Autorizado;2022-01-26;0.00;N/A;0;0;0
41.096.674/0001-19;2026-12-31;1;158626;CANTU STORE S.A.;353385;Capital Emitido;2025-10-29;652773472.43;Não aplicável;161366246;75591527;236957773
41.096.674/0001-19;2026-12-31;1;158626;CANTU STORE S.A.;353386;Capital Subscrito;2025-10-29;652773472.43;Não aplicável;161366246;75591527;236957773
41.096.674/0001-19;2026-12-31;1;158626;CANTU STORE S.A.;353387;Capital Integralizado;2025-10-29;652773472.43;Não aplicável;161366246;75591527;236957773
41.096.674/0001-19;2026-12-31;1;158626;CANTU STORE S.A.;353388;Capital Autorizado;2025-07-31;842332591.71;Não aplicável;150750000;150750000;301500000
41.570.356/0001-48;2026-12-31;1;158324;VRENTAL LOCAÇÃO DE MÁQUINAS E EQUIPAMENTOS S.A.;352591;Capital Subscrito;2025-10-23;535734967.05;;437790739;0;437790739
41.570.356/0001-48;2026-12-31;1;158324;VRENTAL LOCAÇÃO DE MÁQUINAS E EQUIPAMENTOS S.A.;352592;Capital Autorizado;2025-10-23;30000000.00;;0;0;0
41.570.356/0001-48;2026-12-31;1;158324;VRENTAL LOCAÇÃO DE MÁQUINAS E EQUIPAMENTOS S.A.;352593;Capital Emitido;2025-10-23;535734967.05;;437790739;0;437790739
41.570.356/0001-48;2026-12-31;1;158324;VRENTAL LOCAÇÃO DE MÁQUINAS E EQUIPAMENTOS S.A.;352594;Capital Integralizado;2025-10-23;535734967.05;;437790739;0;437790739
41.886.692/0001-02;2026-12-31;1;158330;CONCESSIONARIA ROTA DE SANTA MARIA S.A;352621;Capital Autorizado;2024-11-28;500000000.00;;500000000;0;500000000
41.886.692/0001-02;2026-12-31;1;158330;CONCESSIONARIA ROTA DE SANTA MARIA S.A;352622;Capital Emitido;2024-11-28;310000000.00;;310000000;0;310000000
41.886.692/0001-02;2026-12-31;1;158330;CONCESSIONARIA ROTA DE SANTA MARIA S.A;352623;Capital Integralizado;2024-11-28;310000000.00;;310000000;0;310000000
42.150.391/0001-70;2026-12-31;1;158044;BRASKEM S.A.;351984;Capital Emitido;2022-04-19;8043222080.50;;451668652;345539182;797207834
42.150.391/0001-70;2026-12-31;1;158044;BRASKEM S.A.;351985;Capital Subscrito;2022-04-19;8043222080.50;;451668652;345539182;797207834
42.150.391/0001-70;2026-12-31;1;158044;BRASKEM S.A.;351986;Capital Integralizado;2022-04-19;8043222080.50;;451668652;345539182;797207834
42.150.391/0001-70;2026-12-31;1;158044;BRASKEM S.A.;351987;Capital Autorizado;2010-02-25;0.00;;535661731;617276239;1152937970
42.233.757/0001-75;2026-12-31;1;157006;ALVAREZ & MARSAL INVESTIMENTOS I S.A.;350514;Capital Autorizado;2021-09-17;3000000000.00;;0;0;0
42.233.757/0001-75;2026-12-31;1;157006;ALVAREZ & MARSAL INVESTIMENTOS I S.A.;350515;Capital Emitido;2026-02-09;4251800.00;;4251800;0;4251800
42.233.757/0001-75;2026-12-31;1;157006;ALVAREZ & MARSAL INVESTIMENTOS I S.A.;350516;Capital Subscrito;2026-02-09;4251800.00;;4251800;0;4251800
42.233.757/0001-75;2026-12-31;1;157006;ALVAREZ & MARSAL INVESTIMENTOS I S.A.;350517;Capital Integralizado;2026-02-09;4251800.00;;4251800;0;4251800
42.278.291/0001-24;2026-12-31;1;158124;LOG-IN LOGISTICA INTERMODAL S.A.;352154;Capital Emitido;2024-05-08;1348102187.02;;107306486;0;107306486
42.278.291/0001-24;2026-12-31;1;158124;LOG-IN LOGISTICA INTERMODAL S.A.;352155;Capital Subscrito;2024-05-08;1348102187.02;;107306486;0;107306486
42.278.291/0001-24;2026-12-31;1;158124;LOG-IN LOGISTICA INTERMODAL S.A.;352156;Capital Integralizado;2024-05-08;1348102187.02;;107306486;0;107306486
42.278.291/0001-24;2026-12-31;1;158124;LOG-IN LOGISTICA INTERMODAL S.A.;352157;Capital Autorizado;2019-11-12;0.00;;135000000;0;135000000
42.278.473/0001-03;2026-12-31;1;158192;WIZ CO PARTICIPAÇÕES E CORRETAGEM DE SEGUROS S.A.;352293;Capital Emitido;2014-12-10;40000000.00;Integralizado;159907282;0;159907282
42.278.473/0001-03;2026-12-31;1;158192;WIZ CO PARTICIPAÇÕES E CORRETAGEM DE SEGUROS S.A.;352294;Capital Subscrito;2014-12-10;40000000.00;Integralizado;159907282;0;159907282
42.278.473/0001-03;2026-12-31;1;158192;WIZ CO PARTICIPAÇÕES E CORRETAGEM DE SEGUROS S.A.;352295;Capital Integralizado;2014-12-10;40000000.00;;159907282;0;159907282
42.278.473/0001-03;2026-12-31;1;158192;WIZ CO PARTICIPAÇÕES E CORRETAGEM DE SEGUROS S.A.;352296;Capital Autorizado;2025-03-20;500000000.00;;0;0;0
42.292.007/0001-74;2026-12-31;1;158595;RIO+ SANEAMENTO BL 3 S.A.;353294;Capital Emitido;2022-03-15;875002500.00;Indeterminado;875002500;0;875002500
42.292.007/0001-74;2026-12-31;1;158595;RIO+ SANEAMENTO BL 3 S.A.;353295;Capital Subscrito;2022-03-15;875002500.00;Indeterminado;875002500;0;875002500
42.292.007/0001-74;2026-12-31;1;158595;RIO+ SANEAMENTO BL 3 S.A.;353296;Capital Integralizado;2023-06-29;675002500.00;Indeterminado;675002500;0;675002500
42.310.775/0001-03;2026-12-31;1;158559;ÁGUAS DO RIO 1 SPE S.A.;353201;Capital Emitido;2026-04-30;5120299000.00;;835326912;0;835326912
42.310.775/0001-03;2026-12-31;1;158559;ÁGUAS DO RIO 1 SPE S.A.;353202;Capital Integralizado;2026-04-30;5120299000.00;;835326912;0;835326912
42.310.775/0001-03;2026-12-31;1;158559;ÁGUAS DO RIO 1 SPE S.A.;353203;Capital Subscrito;2026-04-30;5120299000.00;;835326912;0;835326912
42.331.462/0001-31;2026-12-31;1;157913;EMBPAR PARTICIPAÇÕES S/A;351760;Capital Integralizado;2023-10-18;33660118.54;;14860568;0;14860568
42.331.462/0001-31;2026-12-31;1;157913;EMBPAR PARTICIPAÇÕES S/A;351761;Capital Emitido;2023-10-18;33660118.54;Não aplicável;14860568;0;0
42.331.462/0001-31;2026-12-31;1;157913;EMBPAR PARTICIPAÇÕES S/A;351762;Capital Subscrito;2023-10-18;33660118.54;Não aplicável;14860568;0;0
42.353.180/0001-35;2026-12-31;1;158546;IGUÁ RIO DE JANEIRO S.A.;353163;Capital Emitido;2022-08-12;661029531.00;;661029531;0;661029531
42.353.180/0001-35;2026-12-31;1;158546;IGUÁ RIO DE JANEIRO S.A.;353164;Capital Subscrito;2025-12-11;661029531.00;;661029531;0;661029531
42.353.180/0001-35;2026-12-31;1;158546;IGUÁ RIO DE JANEIRO S.A.;353165;Capital Integralizado;2024-08-07;661029531.00;;661029531;0;661029531
42.353.180/0001-35;2026-12-31;1;158546;IGUÁ RIO DE JANEIRO S.A.;353166;Capital Autorizado;2022-08-12;668541330.30;;0;0;0
42.500.384/0001-51;2026-12-31;1;158632;SERENA ENERGIA S.A.;353401;Capital Emitido;2026-01-13;4449868938.76;;622730556;0;622730556
42.500.384/0001-51;2026-12-31;1;158632;SERENA ENERGIA S.A.;353402;Capital Subscrito;2026-01-13;4449868938.76;;622730556;0;622730556
42.500.384/0001-51;2026-12-31;1;158632;SERENA ENERGIA S.A.;353403;Capital Integralizado;2026-01-13;4449868938.76;;622730556;0;622730556
42.500.384/0001-51;2026-12-31;1;158632;SERENA ENERGIA S.A.;353404;Capital Autorizado;2021-10-28;10000000000.00;;0;0;0
42.644.220/0001-06;2026-12-31;1;158563;ÁGUAS DO RIO 4 SPE S.A.;353205;Capital Emitido;2026-04-30;4074292473.11;N/A;956123627;0;956123627
42.644.220/0001-06;2026-12-31;1;158563;ÁGUAS DO RIO 4 SPE S.A.;353206;Capital Integralizado;2026-04-30;4074292473.11;N/A;956123627;0;956123627
42.644.220/0001-06;2026-12-31;1;158563;ÁGUAS DO RIO 4 SPE S.A.;353207;Capital Subscrito;2026-04-30;4074292473.11;N/A;956123627;0;956123627
42.737.954/0001-21;2026-12-31;2;158297;INTER & CO, INC.;352546;Capital Emitido;2024-02-20;269295.00;;439704171;0;439704171
42.737.954/0001-21;2026-12-31;2;158297;INTER & CO, INC.;352547;Capital Subscrito;2024-02-20;269295.00;;439704171;0;439704171
42.737.954/0001-21;2026-12-31;2;158297;INTER & CO, INC.;352548;Capital Integralizado;2024-02-20;269295.00;;439704171;0;439704171
42.737.954/0001-21;2026-12-31;2;158297;INTER & CO, INC.;352549;Capital Autorizado;2022-05-19;0.00;;0;0;20000000000
43.283.811/0001-50;2026-12-31;1;157999;KALUNGA S.A;351921;Capital Emitido;2025-12-31;66127257.77;;622139776;88643080;710782856
43.283.811/0001-50;2026-12-31;1;157999;KALUNGA S.A;351922;Capital Subscrito;2025-12-31;66127257.77;;622139776;88643080;710782856
43.283.811/0001-50;2026-12-31;1;157999;KALUNGA S.A;351923;Capital Integralizado;2025-12-31;66127257.77;;622139776;88643080;710782856
43.283.811/0001-50;2026-12-31;1;157999;KALUNGA S.A;351924;Capital Autorizado;2021-01-29;0.00;;750000000;0;750000000
43.335.774/0001-86;2026-12-31;1;158220;TRAVESSIA SECURITIZADORA DE CRÉDITOS MERCANTIS VI S.A.;352380;Capital Emitido;2021-08-09;500.00;;500;0;500
43.335.774/0001-86;2026-12-31;1;158220;TRAVESSIA SECURITIZADORA DE CRÉDITOS MERCANTIS VI S.A.;352381;Capital Subscrito;2021-08-09;500.00;;500;0;500
43.335.774/0001-86;2026-12-31;1;158220;TRAVESSIA SECURITIZADORA DE CRÉDITOS MERCANTIS VI S.A.;352382;Capital Integralizado;2021-08-09;500.00;;500;0;500
43.335.774/0001-86;2026-12-31;1;158220;TRAVESSIA SECURITIZADORA DE CRÉDITOS MERCANTIS VI S.A.;352383;Capital Autorizado;2021-08-09;0.00;;0;0;0
43.470.988/0001-65;2026-12-31;1;158375;EVEN CONSTRUTORA E INCORPORADORA S.A.;352719;Capital Emitido;2025-11-24;1757409998.31;;200000000;0;200000000
43.470.988/0001-65;2026-12-31;1;158375;EVEN CONSTRUTORA E INCORPORADORA S.A.;352720;Capital Subscrito;2025-11-24;1757409998.31;;200000000;0;200000000
43.470.988/0001-65;2026-12-31;1;158375;EVEN CONSTRUTORA E INCORPORADORA S.A.;352721;Capital Integralizado;2025-11-24;1757409998.31;;200000000;0;200000000
43.470.988/0001-65;2026-12-31;1;158375;EVEN CONSTRUTORA E INCORPORADORA S.A.;352722;Capital Autorizado;2014-05-20;742590001.69;;0;0;0
43.514.079/0001-81;2026-12-31;1;157975;CLI SUL S.A.;351872;Capital Emitido;2025-01-28;360228107.96;;543750625;0;543750625
43.514.079/0001-81;2026-12-31;1;157975;CLI SUL S.A.;351873;Capital Subscrito;2025-01-28;360228107.96;;543750625;0;543750625
43.514.079/0001-81;2026-12-31;1;157975;CLI SUL S.A.;351874;Capital Integralizado;2025-01-28;360228107.96;;543750625;0;543750625
43.776.517/0001-80;2026-12-31;1;158480;CIA SANEAMENTO BASICO EST SAO PAULO;353009;Capital Autorizado;2026-04-28;0.00;;6042708620;0;6042708620
43.776.517/0001-80;2026-12-31;1;158480;CIA SANEAMENTO BASICO EST SAO PAULO;353010;Capital Emitido;2026-04-28;21379216143.38;;3524534027;1;3524534028
43.776.517/0001-80;2026-12-31;1;158480;CIA SANEAMENTO BASICO EST SAO PAULO;353011;Capital Subscrito;2026-04-28;21379216143.38;;3524534027;1;3524534028
43.776.517/0001-80;2026-12-31;1;158480;CIA SANEAMENTO BASICO EST SAO PAULO;353012;Capital Integralizado;2026-04-28;21379216143.38;;3524534027;1;3524534028
43.948.405/0001-69;2026-12-31;1;158402;LUPO S.A.;352797;Capital Emitido;2026-04-29;1168150661.00;Totalmente integralizado;197593686;0;197593686
43.948.405/0001-69;2026-12-31;1;158402;LUPO S.A.;352798;Capital Subscrito;2026-04-29;1168150661.00;Totalmente integralizado;197593686;0;197593686
43.948.405/0001-69;2026-12-31;1;158402;LUPO S.A.;352799;Capital Integralizado;2026-04-29;1168150661.00;Totalmente integralizado;197593686;0;197593686
43.948.405/0001-69;2026-12-31;1;158402;LUPO S.A.;352800;Capital Autorizado;2021-08-16;1500000000.00;;0;0;0
44.854.238/0001-50;2026-12-31;1;158568;PARSAN S.A.;353218;Capital Emitido;2025-03-28;8869507.23;N/A;33333333;66666667;100000000
44.854.238/0001-50;2026-12-31;1;158568;PARSAN S.A.;353219;Capital Integralizado;2025-03-28;8869507.23;N/A;33333333;66666667;100000000
44.854.238/0001-50;2026-12-31;1;158568;PARSAN S.A.;353220;Capital Subscrito;2025-03-28;8869507.23;N/A;33333333;66666667;100000000
45.242.914/0001-05;2026-12-31;1;158608;C&A MODAS S.A.;353328;Capital Emitido;2019-10-24;1849418624.00;Não aplicável;308245068;0;308245068
45.242.914/0001-05;2026-12-31;1;158608;C&A MODAS S.A.;353329;Capital Subscrito;2019-10-24;1849418624.00;Não aplicável;308245068;0;308245068
45.242.914/0001-05;2026-12-31;1;158608;C&A MODAS S.A.;353330;Capital Integralizado;2019-10-24;1849418624.00;Não aplicável;308245068;0;308245068
45.242.914/0001-05;2026-12-31;1;158608;C&A MODAS S.A.;353331;Capital Autorizado;2019-10-02;0.00;Não aplicável;85684932;0;85684932
45.365.558/0001-09;2026-12-31;1;158596;VITTIA S.A.;353297;Capital Emitido;2024-03-27;480907803.72;;154714018;0;154714018
45.365.558/0001-09;2026-12-31;1;158596;VITTIA S.A.;353298;Capital Subscrito;2024-03-27;480907803.72;;154714018;0;154714018
45.365.558/0001-09;2026-12-31;1;158596;VITTIA S.A.;353299;Capital Integralizado;2024-03-27;480907803.72;;154714018;0;154714018
45.365.558/0001-09;2026-12-31;1;158596;VITTIA S.A.;353300;Capital Autorizado;2020-11-16;0.00;;500000000;0;500000000
45.987.245/0001-92;2026-12-31;1;158488;BIOMA EDUCAÇÃO S.A.;353027;Capital Integralizado;2025-08-06;349986465.86;;26633197;0;26633197
45.987.245/0001-92;2026-12-31;1;158488;BIOMA EDUCAÇÃO S.A.;353028;Capital Autorizado;2026-04-30;0.00;;48000000;0;48000000
46.119.855/0001-37;2026-12-31;2;157742;SOCIEDADE ABASTECIMENTO DE ÁGUA E SANEAMENTO S.A - SANASA;351366;Capital Integralizado;2026-04-30;704798668.00;704.798.668,00;704798668;0;704798668
46.573.272/0001-81;2026-12-31;1;158503;PORTO SAÚDE PARTICIPAÇÕES S.A.;353061;Capital Autorizado;2024-05-10;0.00;N/A;162684123;0;162684123
46.573.272/0001-81;2026-12-31;1;158503;PORTO SAÚDE PARTICIPAÇÕES S.A.;353062;Capital Integralizado;2026-03-30;1796380258.08;31/12/2026;1477493414;0;1477493414
46.573.272/0001-81;2026-12-31;1;158503;PORTO SAÚDE PARTICIPAÇÕES S.A.;353063;Capital Subscrito;2026-03-30;1801880258.08;N/A;1477493414;0;1477493414
46.573.272/0001-81;2026-12-31;1;158503;PORTO SAÚDE PARTICIPAÇÕES S.A.;353064;Capital Emitido;2026-03-30;1801880248.08;N/A;1477493414;0;1477493414
47.155.252/0001-53;2026-12-31;1;158578;VIA ARAUCÁRIA CONCESSIONÁRIA DE RODOVIAS S.A.;353244;Capital Emitido;2023-12-27;735074410.84;;735074410;0;735074410
47.155.252/0001-53;2026-12-31;1;158578;VIA ARAUCÁRIA CONCESSIONÁRIA DE RODOVIAS S.A.;353245;Capital Subscrito;2023-12-27;735074410.84;;735074410;0;735074410
47.155.252/0001-53;2026-12-31;1;158578;VIA ARAUCÁRIA CONCESSIONÁRIA DE RODOVIAS S.A.;353246;Capital Integralizado;2023-12-27;735074410.84;;735074410;0;735074410
47.509.120/0001-82;2026-12-31;1;158170;BRADESCO LEASING S.A. ARREND MERCANTIL;352259;Capital Emitido;2026-04-30;2660000000.00;30/04/2026;23585;0;23585
47.509.120/0001-82;2026-12-31;1;158170;BRADESCO LEASING S.A. ARREND MERCANTIL;352260;Capital Subscrito;2026-04-30;2660000000.00;30/04/2026;23585;0;23585
47.509.120/0001-82;2026-12-31;1;158170;BRADESCO LEASING S.A. ARREND MERCANTIL;352261;Capital Integralizado;2026-04-30;2660000000.00;30/04/2026;23585;0;23585
47.960.950/0001-21;2026-12-31;1;158554;MAGAZINE LUIZA S.A.;353189;Capital Emitido;2025-12-22;14202162483.70;Totalmente integralizado;775945010;0;775945010
47.960.950/0001-21;2026-12-31;1;158554;MAGAZINE LUIZA S.A.;353190;Capital Subscrito;2025-12-22;14202162483.70;Totalmente integralizado;775945010;0;775945010
47.960.950/0001-21;2026-12-31;1;158554;MAGAZINE LUIZA S.A.;353191;Capital Integralizado;2025-12-22;14202162483.70;Totalmente integralizado;775945010;0;775945010
47.960.950/0001-21;2026-12-31;1;158554;MAGAZINE LUIZA S.A.;353192;Capital Autorizado;2025-12-22;0.00;;1447673;0;1447673
48.851.242/0001-15;2026-12-31;1;158167;CONCESSIONARIA DAS RODOVIAS DO LESTE MS S/A;352249;Capital Emitido;2023-09-13;122000000.00;;122000000;0;122000000
48.851.242/0001-15;2026-12-31;1;158167;CONCESSIONARIA DAS RODOVIAS DO LESTE MS S/A;352250;Capital Subscrito;2023-09-13;122000000.00;;122000000;0;122000000
48.851.242/0001-15;2026-12-31;1;158167;CONCESSIONARIA DAS RODOVIAS DO LESTE MS S/A;352251;Capital Integralizado;2023-10-06;122000000.00;;122000000;0;122000000
49.263.189/0001-02;2026-12-31;1;158203;HELBOR EMPREENDIMENTOS S.A.;352331;Capital Emitido;2020-07-10;1310225371.46;;133851072;0;133851072
49.263.189/0001-02;2026-12-31;1;158203;HELBOR EMPREENDIMENTOS S.A.;352332;Capital Subscrito;2020-07-10;1310225371.46;;133851072;0;133851072
49.263.189/0001-02;2026-12-31;1;158203;HELBOR EMPREENDIMENTOS S.A.;352333;Capital Integralizado;2020-07-10;1310225371.46;;133851072;0;133851072
49.263.189/0001-02;2026-12-31;1;158203;HELBOR EMPREENDIMENTOS S.A.;352334;Capital Autorizado;2020-07-10;3000000000.00;;133851072;0;133851072
49.314.049/0001-08;2026-12-31;1;158118;CONCESSIONÁRIA DE RODOVIAS NOROESTE PAULISTA S.A;352136;Capital Emitido;2025-06-24;680556761.56;30/06/2027;680556762;0;680556762
49.314.049/0001-08;2026-12-31;1;158118;CONCESSIONÁRIA DE RODOVIAS NOROESTE PAULISTA S.A;352137;Capital Subscrito;2025-06-24;680556761.56;30/06/2027;680556762;0;680556762
49.314.049/0001-08;2026-12-31;1;158118;CONCESSIONÁRIA DE RODOVIAS NOROESTE PAULISTA S.A;352138;Capital Integralizado;2025-06-24;265556761.56;;265556762;0;265556762
49.314.049/0001-08;2026-12-31;1;158118;CONCESSIONÁRIA DE RODOVIAS NOROESTE PAULISTA S.A;352139;Capital Autorizado;2023-01-13;19443238.44;;0;0;0
49.669.856/0001-43;2026-12-31;1;158156;VESTE S.A. ESTILO;352220;Capital Emitido;2025-10-07;935140484.80;;114333843;0;114333843
49.669.856/0001-43;2026-12-31;1;158156;VESTE S.A. ESTILO;352221;Capital Subscrito;2025-10-07;935140484.80;;114333843;0;114333843
49.669.856/0001-43;2026-12-31;1;158156;VESTE S.A. ESTILO;352222;Capital Integralizado;2025-10-07;935140484.80;;114333843;0;114333843
49.669.856/0001-43;2026-12-31;1;158156;VESTE S.A. ESTILO;352223;Capital Autorizado;2023-09-29;0.00;;34093081;0;34093081
50.564.053/0001-03;2026-12-31;1;158435;BOMBRIL S.A. - EM RECUPERAÇÃO JUDICIAL;352871;Capital Emitido;2019-09-05;879784955.67;;137615317;122894461;260509778
50.564.053/0001-03;2026-12-31;1;158435;BOMBRIL S.A. - EM RECUPERAÇÃO JUDICIAL;352872;Capital Subscrito;2019-09-05;879784955.67;;137615317;122894461;260509778
50.564.053/0001-03;2026-12-31;1;158435;BOMBRIL S.A. - EM RECUPERAÇÃO JUDICIAL;352873;Capital Integralizado;2019-09-05;879784955.67;;137615317;122894461;260509778
50.746.577/0001-15;2026-12-31;1;158409;COSAN S.A.;352816;Capital Autorizado;2025-10-23;0.00;Não aplicável;8000000000;0;8000000000
50.746.577/0001-15;2026-12-31;1;158409;COSAN S.A.;352817;Capital Emitido;2025-11-11;10282738100.99;Não aplicável;3966570932;0;3966570932
50.746.577/0001-15;2026-12-31;1;158409;COSAN S.A.;352818;Capital Integralizado;2025-11-11;10282738100.99;Não aplicável;3966570932;0;3966570932
50.746.577/0001-15;2026-12-31;1;158409;COSAN S.A.;352819;Capital Subscrito;2025-11-11;10282738100.99;Não aplicável;3966570932;0;3966570932
50.926.955/0001-42;2026-12-31;1;158195;VULCABRAS S.A.;352297;Capital Emitido;2026-03-19;1635304208.96;;317982170;0;317982170
50.926.955/0001-42;2026-12-31;1;158195;VULCABRAS S.A.;352298;Capital Subscrito;2026-03-19;1635304208.96;;317982170;0;317982170
50.926.955/0001-42;2026-12-31;1;158195;VULCABRAS S.A.;352299;Capital Integralizado;2026-03-19;1635304208.96;;317982170;0;317982170
50.926.955/0001-42;2026-12-31;1;158195;VULCABRAS S.A.;352300;Capital Autorizado;2026-03-19;0.00;;500000000;0;500000000
51.128.999/0001-90;2026-12-31;1;158182;NUTRIPLANT INDUSTRIA E COMERCIO S.A.;352280;Capital Integralizado;2025-12-30;47029910.54;;13244400;0;13244400
51.128.999/0001-90;2026-12-31;1;158182;NUTRIPLANT INDUSTRIA E COMERCIO S.A.;352281;Capital Autorizado;2008-01-07;200000000.00;;0;0;0
51.218.147/0001-93;2026-12-31;1;158541;IGUATEMI EMPRESA DE SHOPPING CENTERS S.A;353149;Capital Emitido;2025-10-31;3030452762.74;;164997069;0;164997069
51.218.147/0001-93;2026-12-31;1;158541;IGUATEMI EMPRESA DE SHOPPING CENTERS S.A;353150;Capital Subscrito;2025-10-31;3030452762.74;;164997069;0;164997069
51.218.147/0001-93;2026-12-31;1;158541;IGUATEMI EMPRESA DE SHOPPING CENTERS S.A;353151;Capital Integralizado;2025-10-31;3030452762.74;;164997069;0;164997069
51.218.147/0001-93;2026-12-31;1;158541;IGUATEMI EMPRESA DE SHOPPING CENTERS S.A;353152;Capital Autorizado;2022-01-31;0.00;;200000000;0;200000000
51.430.503/0001-38;2026-12-31;1;158499;PORTO SERVIÇO S.A;353053;Capital Emitido;2026-04-30;583434657.24;N/A;801383617;0;801383617
51.430.503/0001-38;2026-12-31;1;158499;PORTO SERVIÇO S.A;353054;Capital Subscrito;2026-04-30;583434657.24;N/A;801383617;0;801383617
51.430.503/0001-38;2026-12-31;1;158499;PORTO SERVIÇO S.A;353055;Capital Autorizado;2024-05-10;0.00;N/A;146785572;0;146785572
51.430.503/0001-38;2026-12-31;1;158499;PORTO SERVIÇO S.A;353056;Capital Integralizado;2026-04-30;583434657.24;N/A;801383617;0;801383617
51.466.860/0001-56;2026-03-31;9;157483;SAO MARTINHO S.A.;351102;Capital Autorizado;2016-12-09;0.00;N/A;372000000;0;372000000
51.466.860/0001-56;2026-03-31;9;157483;SAO MARTINHO S.A.;351103;Capital Subscrito;2025-07-25;4819108798.27;N/A;332435391;0;332435391
51.466.860/0001-56;2026-03-31;9;157483;SAO MARTINHO S.A.;351104;Capital Integralizado;2025-07-25;4819108798.27;N/A;332435391;0;332435391
51.466.860/0001-56;2026-03-31;9;157483;SAO MARTINHO S.A.;351105;Capital Emitido;2025-07-25;4819108798.27;N/A;332435391;0;332435391
51.928.174/0001-50;2026-12-31;1;158006;PLASCAR PARTICIPACOES INDUSTRIAIS S.A.;351932;Capital Emitido;2020-01-31;931454939.71;;12425418;0;12425418
51.928.174/0001-50;2026-12-31;1;158006;PLASCAR PARTICIPACOES INDUSTRIAIS S.A.;351933;Capital Subscrito;2020-01-31;931454939.71;;12425418;0;12425418
51.928.174/0001-50;2026-12-31;1;158006;PLASCAR PARTICIPACOES INDUSTRIAIS S.A.;351934;Capital Integralizado;2020-01-31;931454939.71;;12425418;0;12425418
51.928.174/0001-50;2026-12-31;1;158006;PLASCAR PARTICIPACOES INDUSTRIAIS S.A.;351935;Capital Autorizado;2011-04-14;0.00;;1000000000;0;1000000000
52.270.350/0001-71;2026-12-31;1;158620;B100 S.A.;353370;Capital Emitido;2025-12-26;1845884.45;;5834014;0;5834014
52.270.350/0001-71;2026-12-31;1;158620;B100 S.A.;353371;Capital Integralizado;2025-12-26;1845884.45;;5834014;0;5834014
52.270.350/0001-71;2026-12-31;1;158620;B100 S.A.;353372;Capital Subscrito;2025-12-26;1845884.45;;5834014;0;5834014
52.270.350/0001-71;2026-12-31;1;158620;B100 S.A.;353373;Capital Autorizado;2024-11-28;4549572846.94;;0;0;0
52.475.549/0001-36;2026-12-31;1;158491;R/HOLDINGS S.A.;353037;Capital Emitido;2025-07-03;100643.08;Não aplicável;100643;0;100643
52.475.549/0001-36;2026-12-31;1;158491;R/HOLDINGS S.A.;353038;Capital Integralizado;2025-07-03;100643.08;Não aplicável;100643;0;100643
52.475.549/0001-36;2026-12-31;1;158491;R/HOLDINGS S.A.;353039;Capital Subscrito;2025-07-03;100643.08;Não aplicável;100643;0;100643
52.475.549/0001-36;2026-12-31;1;158491;R/HOLDINGS S.A.;353040;Capital Autorizado;2025-07-03;10000000000.00;;0;0;0
52.810.883/0001-07;2026-12-31;1;158498;REVEE MCO S.A.;353049;Capital Integralizado;2025-08-15;694177.01;26/01/2026;80094177;0;80094177
52.810.883/0001-07;2026-12-31;1;158498;REVEE MCO S.A.;353050;Capital Emitido;2025-07-29;80094177.01;26/01/2026;80094177;0;80094177
52.810.883/0001-07;2026-12-31;1;158498;REVEE MCO S.A.;353051;Capital Subscrito;2025-07-29;80094177.01;26/01/2026;80094177;0;80094177
52.810.883/0001-07;2026-12-31;1;158498;REVEE MCO S.A.;353052;Capital Autorizado;2025-07-03;10000000000.00;;0;0;0
52.841.191/0001-18;2026-12-31;1;158609;REVEE S.A.;353332;Capital Autorizado;2025-04-22;10000000000.00;;0;0;0
52.841.191/0001-18;2026-12-31;1;158609;REVEE S.A.;353333;Capital Emitido;2025-08-06;120115081.52;;10171150;0;10171150
52.841.191/0001-18;2026-12-31;1;158609;REVEE S.A.;353334;Capital Integralizado;2025-08-06;120115081.52;;10171150;0;10171150
52.841.191/0001-18;2026-12-31;1;158609;REVEE S.A.;353335;Capital Subscrito;2025-08-06;120115081.52;;10171150;0;10171150
53.113.791/0001-22;2026-12-31;1;157892;TOTVS S.A.;351727;Capital Integralizado;2024-11-06;2962584687.27;N/A;599401581;0;599401581
53.113.791/0001-22;2026-12-31;1;157892;TOTVS S.A.;351728;Capital Autorizado;2021-04-20;4000000000.00;N/A;599401581;0;599401581
53.113.791/0001-22;2026-12-31;1;157892;TOTVS S.A.;351729;Capital Emitido;2024-11-06;2962584687.27;N/A;599401581;0;599401581
53.113.791/0001-22;2026-12-31;1;157892;TOTVS S.A.;351730;Capital Subscrito;2024-11-06;2962584687.27;N/A;599401581;0;599401581
53.153.938/0001-08;2026-12-31;1;158099;UNIÃO PET PARTICIPAÇÕES S.A.;352078;Capital Emitido;2026-01-05;1324217011.67;N/A;860793811;0;860793811
53.153.938/0001-08;2026-12-31;1;158099;UNIÃO PET PARTICIPAÇÕES S.A.;352079;Capital Subscrito;2026-01-05;1324217011.67;N/A;860793811;0;860793811
53.153.938/0001-08;2026-12-31;1;158099;UNIÃO PET PARTICIPAÇÕES S.A.;352080;Capital Integralizado;2026-01-05;1324217011.67;N/A;860793811;0;860793811
53.153.938/0001-08;2026-12-31;1;158099;UNIÃO PET PARTICIPAÇÕES S.A.;352081;Capital Autorizado;2026-01-05;0.00;;200000000;0;200000000
56.444.250/0001-75;2026-12-31;1;158077;HAUSCENTER SA;352035;Capital Integralizado;1997-11-04;57283.04;;2327;0;2327
56.444.250/0001-75;2026-12-31;1;158077;HAUSCENTER SA;352036;Capital Autorizado;1997-11-04;57283.04;;2327;0;2327
56.643.018/0001-66;2026-12-31;1;158045;EUCATEX S.A. INDUSTRIA E COMERCIO;351988;Capital Emitido;2025-12-29;1485246533.67;;31257700;61361556;92619256
56.643.018/0001-66;2026-12-31;1;158045;EUCATEX S.A. INDUSTRIA E COMERCIO;351989;Capital Subscrito;2025-12-29;1485246535.67;;31257700;61361556;92619256
56.643.018/0001-66;2026-12-31;1;158045;EUCATEX S.A. INDUSTRIA E COMERCIO;351990;Capital Integralizado;2025-12-29;1485246535.67;;31257700;61361556;92619256
56.720.428/0001-63;2026-12-31;1;158278;ROMI S.A.;352508;Capital Integralizado;2024-03-26;1001432789.79;04/04/2024;93170747;0;93170747
56.720.428/0001-63;2026-12-31;1;158278;ROMI S.A.;352509;Capital Autorizado;2024-03-26;0.00;;112000000;0;112000000
56.992.423/0001-90;2026-12-31;1;158300;BICICLETAS MONARK S.A.;352554;Capital Integralizado;2008-04-29;133009849.12;;454750;0;454750
58.070.452/0001-20;2026-12-31;1;158521;IGUÁ SERGIPE S.A.;353104;Capital Integralizado;2024-11-26;640001000.00;N/A;640001000;0;640001000
58.070.452/0001-20;2026-12-31;1;158521;IGUÁ SERGIPE S.A.;353105;Capital Emitido;2024-11-26;640001000.00;N/A;640001000;0;640001000
58.070.452/0001-20;2026-12-31;1;158521;IGUÁ SERGIPE S.A.;353106;Capital Subscrito;2024-11-26;640001000.00;N/A;640001000;0;640001000
58.070.452/0001-20;2026-12-31;1;158521;IGUÁ SERGIPE S.A.;353107;Capital Autorizado;2025-04-29;1400001000.00;N/A;0;0;0
58.119.199/0001-51;2026-12-31;1;158221;BRADSAÚDE S.A.;352384;Capital Integralizado;2026-04-06;14904489554.14;N/A;2924199731;0;2924199731
58.119.199/0001-51;2026-12-31;1;158221;BRADSAÚDE S.A.;352385;Capital Subscrito;2026-04-06;14904489554.14;N/A;2924199731;0;2924199731
58.119.199/0001-51;2026-12-31;1;158221;BRADSAÚDE S.A.;352386;Capital Emitido;2026-04-06;14904489554.14;N/A;2924199731;0;2924199731
58.119.199/0001-51;2026-12-31;1;158221;BRADSAÚDE S.A.;352387;Capital Autorizado;2010-07-01;0.00;N/A;80000000;0;80000000
58.430.828/0001-60;2026-12-31;1;158411;BLAU FARMACÊUTICA S.A.;352824;Capital Emitido;2025-12-29;1760792711.46;N/A;233212121;0;233212121
58.430.828/0001-60;2026-12-31;1;158411;BLAU FARMACÊUTICA S.A.;352825;Capital Autorizado;2025-12-10;0.00;N/A;250000000;0;250000000
58.430.828/0001-60;2026-12-31;1;158411;BLAU FARMACÊUTICA S.A.;352826;Capital Subscrito;2025-12-29;1760792711.46;N/A;233212121;0;233212121
58.430.828/0001-60;2026-12-31;1;158411;BLAU FARMACÊUTICA S.A.;352827;Capital Integralizado;2025-12-29;1760792711.46;N/A;233212121;0;233212121
59.105.999/0001-86;2026-12-31;1;158100;WHIRLPOOL S.A.;352082;Capital Emitido;2025-08-14;859102348.07;n/a;1028700891;474085113;1502786004
59.105.999/0001-86;2026-12-31;1;158100;WHIRLPOOL S.A.;352083;Capital Integralizado;2025-08-14;859102348.07;n/a;1028700891;474085113;1502786004
59.105.999/0001-86;2026-12-31;1;158100;WHIRLPOOL S.A.;352084;Capital Subscrito;2025-08-14;859102348.07;n/a;1028700891;474085113;1502786004
59.115.685/0001-64;2026-12-31;1;158472;TUPI ENERGIAS RENOVÁVEIS S.A.;352976;Capital Integralizado;2025-10-21;217436365.49;N/A;217436365;0;217436365
59.115.685/0001-64;2026-12-31;1;158472;TUPI ENERGIAS RENOVÁVEIS S.A.;352977;Capital Autorizado;2025-09-26;5000000000.00;N/A;0;0;0
59.115.685/0001-64;2026-12-31;1;158472;TUPI ENERGIAS RENOVÁVEIS S.A.;352978;Capital Emitido;2025-10-21;217436365.49;N/A;217436365;0;217436365
59.115.685/0001-64;2026-12-31;1;158472;TUPI ENERGIAS RENOVÁVEIS S.A.;352979;Capital Subscrito;2025-10-21;217436365.49;N/A;217436365;0;217436365
59.196.897/0001-13;2026-03-31;1;149513;CONCESSIONÁRIA DE RODOVIAS PRVIAS S.A.;337007;Capital Emitido;2025-02-11;1117148161.00;;1117148161;0;1117148161
59.196.897/0001-13;2026-03-31;1;149513;CONCESSIONÁRIA DE RODOVIAS PRVIAS S.A.;337008;Capital Subscrito;2025-02-11;1117148161.00;;1117148161;0;1117148161
59.196.897/0001-13;2026-03-31;1;149513;CONCESSIONÁRIA DE RODOVIAS PRVIAS S.A.;337009;Capital Integralizado;2025-03-07;837303842.60;30/04/2026;837303842;0;837303842
59.196.897/0001-13;2026-03-31;1;149513;CONCESSIONÁRIA DE RODOVIAS PRVIAS S.A.;338518;Capital Emitido;2025-02-11;1117148161.00;;1117148161;0;1117148161
59.196.897/0001-13;2026-03-31;1;149513;CONCESSIONÁRIA DE RODOVIAS PRVIAS S.A.;338519;Capital Subscrito;2025-02-11;1117148161.00;;1117148161;0;1117148161
59.196.897/0001-13;2026-03-31;1;149513;CONCESSIONÁRIA DE RODOVIAS PRVIAS S.A.;338520;Capital Integralizado;2025-03-07;837303842.60;30/04/2026;837303842;0;837303842
59.196.897/0001-13;2026-03-31;1;149513;CONCESSIONÁRIA DE RODOVIAS PRVIAS S.A.;339241;Capital Emitido;2025-02-11;1117148161.00;;1117148161;0;1117148161
59.196.897/0001-13;2026-03-31;1;149513;CONCESSIONÁRIA DE RODOVIAS PRVIAS S.A.;339242;Capital Subscrito;2025-02-11;1117148161.00;;1117148161;0;1117148161
59.196.897/0001-13;2026-03-31;1;149513;CONCESSIONÁRIA DE RODOVIAS PRVIAS S.A.;339243;Capital Integralizado;2025-03-07;837303842.60;30/04/2026;837303842;0;837303842
59.418.806/0001-47;2026-12-31;1;158489;TRACK & FIELD CO S.A.;353029;Capital Emitido;2025-04-25;336147913.05;Totalmente integralizado;877251375;65492864;942744239
59.418.806/0001-47;2026-12-31;1;158489;TRACK & FIELD CO S.A.;353030;Capital Integralizado;2025-04-25;336147913.05;Totalmente integralizado;877251375;65492864;942744239
59.418.806/0001-47;2026-12-31;1;158489;TRACK & FIELD CO S.A.;353031;Capital Autorizado;2020-02-27;0.00;N/A;1600000000;0;1600000000
59.418.806/0001-47;2026-12-31;1;158489;TRACK & FIELD CO S.A.;353032;Capital Subscrito;2025-04-25;336147913.05;Totalmente integralizado;877251375;65492864;942744239
59.546.515/0001-34;2026-12-31;1;158487;FISIA COMÉRCIO DE PRODUTOS ESPORTIVOS S.A.;353024;Capital Emitido;2022-09-22;1168847027.00;;1168847027;0;1168847027
59.546.515/0001-34;2026-12-31;1;158487;FISIA COMÉRCIO DE PRODUTOS ESPORTIVOS S.A.;353025;Capital Subscrito;2022-09-22;1168847027.00;;1168847027;0;1168847027
59.546.515/0001-34;2026-12-31;1;158487;FISIA COMÉRCIO DE PRODUTOS ESPORTIVOS S.A.;353026;Capital Integralizado;2022-09-22;1168847027.00;;1168847027;0;1168847027
59.693.110/0001-29;2026-12-31;1;158567;ORANJEBTC S.A. - EDUCAÇÃO E INVESTIMENTO;353214;Capital Autorizado;2025-10-01;411383028.92;;1500000000;1500000000;3000000000
59.693.110/0001-29;2026-12-31;1;158567;ORANJEBTC S.A. - EDUCAÇÃO E INVESTIMENTO;353215;Capital Integralizado;2025-10-01;411383028.92;;168608200;149005540;317613740
59.693.110/0001-29;2026-12-31;1;158567;ORANJEBTC S.A. - EDUCAÇÃO E INVESTIMENTO;353216;Capital Subscrito;2025-10-01;411383028.92;;168608200;149005540;317613740
59.693.110/0001-29;2026-12-31;1;158567;ORANJEBTC S.A. - EDUCAÇÃO E INVESTIMENTO;353217;Capital Emitido;2025-10-01;411383028.92;;168608200;149005540;317613740
59.717.553/0001-02;2026-12-31;1;158547;GRUPO MULTILASER S.A.;353167;Capital Emitido;2021-07-20;1713377678.90;Totalmente integralizado;820539225;0;820539225
59.717.553/0001-02;2026-12-31;1;158547;GRUPO MULTILASER S.A.;353168;Capital Subscrito;2021-07-20;1713377678.90;;820539225;0;820539225
59.717.553/0001-02;2026-12-31;1;158547;GRUPO MULTILASER S.A.;353169;Capital Integralizado;2021-07-20;1713377678.90;;820539225;0;820539225
59.717.553/0001-02;2026-12-31;1;158547;GRUPO MULTILASER S.A.;353170;Capital Autorizado;2021-05-11;0.00;;1067025987;0;1067025987
59.789.545/0001-71;2026-12-31;1;158242;POLPAR S.A.;352425;Capital Integralizado;2026-03-20;4525000.00;;101695;120000;221695
59.981.829/0001-65;2026-12-31;1;158256;RODOBENS SA;352454;Capital Autorizado;2021-01-04;1400000000.00;;0;0;0
59.981.829/0001-65;2026-12-31;1;158256;RODOBENS SA;352455;Capital Emitido;2025-12-26;945595673.00;;711983027;528422249;1240405276
59.981.829/0001-65;2026-12-31;1;158256;RODOBENS SA;352456;Capital Subscrito;2025-12-26;945595673.00;;711983027;528422249;1240405276
59.981.829/0001-65;2026-12-31;1;158256;RODOBENS SA;352457;Capital Integralizado;2025-12-26;945595673.00;;711983027;528422249;1240405276
60.398.369/0004-79;2026-12-31;1;157997;PARANAPANEMA S.A. - EM RECUPERAÇÃO JUDICIAL;351917;Capital Subscrito;2026-05-25;2350205522.84;;290463539;0;290463539
60.398.369/0004-79;2026-12-31;1;157997;PARANAPANEMA S.A. - EM RECUPERAÇÃO JUDICIAL;351918;Capital Integralizado;2026-05-25;2350205522.84;;290463539;0;290463539
60.398.369/0004-79;2026-12-31;1;157997;PARANAPANEMA S.A. - EM RECUPERAÇÃO JUDICIAL;351919;Capital Autorizado;2022-05-03;3500000000.00;;0;0;0
60.398.369/0004-79;2026-12-31;1;157997;PARANAPANEMA S.A. - EM RECUPERAÇÃO JUDICIAL;351920;Capital Emitido;2026-05-25;2350205522.84;;290463539;0;290463539
60.476.884/0001-87;2026-12-31;1;158212;MAHLE METAL LEVE S.A.;352361;Capital Emitido;2024-12-09;1399371860.12;;135539000;0;135539000
60.476.884/0001-87;2026-12-31;1;158212;MAHLE METAL LEVE S.A.;352362;Capital Subscrito;2024-12-09;1399371860.12;;135539000;0;135539000
60.476.884/0001-87;2026-12-31;1;158212;MAHLE METAL LEVE S.A.;352363;Capital Integralizado;2024-12-09;1399371860.12;;135539000;0;135539000
60.476.884/0001-87;2026-12-31;1;158212;MAHLE METAL LEVE S.A.;352364;Capital Autorizado;2011-04-29;0.00;;50000000;0;50000000
60.537.263/0001-66;2026-12-31;1;158449;ALLPARK EMPREENDIMENTOS, PARTICIPAÇÕES E SERVIÇOS S.A.;352905;Capital Subscrito;2025-12-17;225014886.55;N/A;219305733;0;219305733
60.537.263/0001-66;2026-12-31;1;158449;ALLPARK EMPREENDIMENTOS, PARTICIPAÇÕES E SERVIÇOS S.A.;352906;Capital Integralizado;2025-12-17;225014886.55;N/A;219305733;0;219305733
60.537.263/0001-66;2026-12-31;1;158449;ALLPARK EMPREENDIMENTOS, PARTICIPAÇÕES E SERVIÇOS S.A.;352907;Capital Emitido;2025-12-17;225014886.55;N/A;219305733;0;219305733
60.537.263/0001-66;2026-12-31;1;158449;ALLPARK EMPREENDIMENTOS, PARTICIPAÇÕES E SERVIÇOS S.A.;352908;Capital Autorizado;2020-02-11;0.00;;2100000000;0;2100000000
60.543.816/0001-93;2026-12-31;1;158550;IGUATEMI S.A.;353178;Capital Emitido;2025-12-31;1819551808.97;;770992429;435368756;1206361185
60.543.816/0001-93;2026-12-31;1;158550;IGUATEMI S.A.;353179;Capital Subscrito;2025-12-31;1819551808.97;;770992429;435368756;1206361185
60.543.816/0001-93;2026-12-31;1;158550;IGUATEMI S.A.;353180;Capital Integralizado;2025-12-31;1819551808.97;;770992429;435368756;1206361185
60.543.816/0001-93;2026-12-31;1;158550;IGUATEMI S.A.;353181;Capital Autorizado;2021-12-20;0.00;;1500000000;1500000000;1500000000
60.651.809/0001-05;2026-12-31;1;158423;SUZANO HOLDING S.A.;352847;Capital Integralizado;2025-12-19;7785522351.97;;478527277;624309710;1102836987
60.730.348/0001-66;2026-12-31;1;158165;CIA MELHORAMENTOS DE SAO PAULO;352244;Capital Subscrito;2021-04-30;153718766.00;;5631445;773504;6404949
60.730.348/0001-66;2026-12-31;1;158165;CIA MELHORAMENTOS DE SAO PAULO;352245;Capital Integralizado;2021-04-30;153718766.00;;5631455;773504;6404959
60.746.948/0001-12;2026-12-31;1;158169;BCO BRADESCO S.A.;352256;Capital Emitido;2026-03-10;93770000000.00;;5303870781;5288141247;10592012028
60.746.948/0001-12;2026-12-31;1;158169;BCO BRADESCO S.A.;352257;Capital Subscrito;2026-03-10;93770000000.00;;5303870781;5288141247;10592012028
60.746.948/0001-12;2026-12-31;1;158169;BCO BRADESCO S.A.;352258;Capital Integralizado;2026-03-10;93770000000.00;;5303870781;5288141247;10592012028
60.840.055/0001-31;2026-12-31;1;158465;FLEURY S.A.;352956;Capital Autorizado;2025-12-31;4000000000.00;;0;0;0
60.840.055/0001-31;2026-12-31;1;158465;FLEURY S.A.;352957;Capital Emitido;2025-12-31;2762949636.54;Capital Integralizado;547191026;0;547191026
60.840.055/0001-31;2026-12-31;1;158465;FLEURY S.A.;352958;Capital Integralizado;2025-12-31;2762949636.54;;547191026;0;547191026
60.840.055/0001-31;2026-12-31;1;158465;FLEURY S.A.;352959;Capital Subscrito;2025-12-31;2762949636.54;;547191026;0;547191026
60.872.504/0001-23;2026-12-31;1;158043;ITAU UNIBANCO HOLDING S.A.;351980;Capital Emitido;2025-12-18;136909898070.00;n/a;5617742977;5409126215;11026869192
60.872.504/0001-23;2026-12-31;1;158043;ITAU UNIBANCO HOLDING S.A.;351981;Capital Subscrito;2025-12-18;136909898070.00;n/a;5617742977;5409126215;11026869192
60.872.504/0001-23;2026-12-31;1;158043;ITAU UNIBANCO HOLDING S.A.;351982;Capital Integralizado;2025-12-18;136909898070.00;n/a;5617742977;5409126215;11026869192
60.872.504/0001-23;2026-12-31;1;158043;ITAU UNIBANCO HOLDING S.A.;351983;Capital Autorizado;2018-07-27;0.00;n/a;970707023;1179323785;2150030808
60.884.319/0001-59;2026-12-31;2;157916;NORDON INDUSTRIAS METALURGICAS S.A.;351767;Capital Integralizado;1966-07-16;107838727.50;;6621486;0;6621486
60.933.603/0001-78;2026-12-31;1;158453;CESP - CIA ENERGETICA DE SAO PAULO;352917;Capital Emitido;2025-07-24;3871507786.86;;327502673;0;327502673
60.933.603/0001-78;2026-12-31;1;158453;CESP - CIA ENERGETICA DE SAO PAULO;352918;Capital Subscrito;2025-07-24;3871507786.86;;327502673;0;327502673
60.933.603/0001-78;2026-12-31;1;158453;CESP - CIA ENERGETICA DE SAO PAULO;352919;Capital Integralizado;2025-07-24;3871507786.86;;327502673;0;327502673
60.933.603/0001-78;2026-12-31;1;158453;CESP - CIA ENERGETICA DE SAO PAULO;352920;Capital Autorizado;2007-07-26;17926300363.29;;0;0;0
61.065.298/0001-02;2026-12-31;1;158349;MANGELS INDUSTRIAL S.A.;352673;Capital Integralizado;2016-06-01;171272996.71;;2067243;3715969;5783212
61.067.901/0001-95;2026-12-31;1;158579;ÁGUAS DO PARÁ A SPE S.A;353247;Capital Emitido;2025-06-30;724868311.00;N/A;724868311;0;724868311
61.067.901/0001-95;2026-12-31;1;158579;ÁGUAS DO PARÁ A SPE S.A;353248;Capital Subscrito;2025-06-30;724868311.00;N/A;724868311;0;724868311
61.067.901/0001-95;2026-12-31;1;158579;ÁGUAS DO PARÁ A SPE S.A;353249;Capital Integralizado;2025-06-30;289947123.00;N/A;724868311;0;724868311
61.067.902/0001-30;2026-12-31;1;158580;ÁGUAS DO PARÁ B SPE S.A.;353250;Capital Emitido;2025-06-30;466592572.00;N/A;466592572;0;466592572
61.067.902/0001-30;2026-12-31;1;158580;ÁGUAS DO PARÁ B SPE S.A.;353251;Capital Subscrito;2025-06-30;466592572.00;N/A;466592572;0;466592572
61.067.902/0001-30;2026-12-31;1;158580;ÁGUAS DO PARÁ B SPE S.A.;353252;Capital Integralizado;2025-06-30;186637029.00;N/A;466592572;0;466592572
61.067.904/0001-29;2026-12-31;1;158577;ÁGUAS DO PARÁ D SPE S.A.;353241;Capital Subscrito;2025-06-30;450046001.00;N/A;450046001;0;450046001
61.067.904/0001-29;2026-12-31;1;158577;ÁGUAS DO PARÁ D SPE S.A.;353242;Capital Emitido;2025-06-30;450046001.00;N/A;450046001;0;450046001
61.067.904/0001-29;2026-12-31;1;158577;ÁGUAS DO PARÁ D SPE S.A.;353243;Capital Integralizado;2025-06-30;180018602.00;N/A;450046001;0;450046001
61.079.117/0001-05;2026-12-31;1;158198;ALPARGATAS S.A.;352305;Capital Emitido;2025-09-10;3088257381.33;N/A;339510689;343551533;683062222
61.079.117/0001-05;2026-12-31;1;158198;ALPARGATAS S.A.;352306;Capital Subscrito;2025-09-10;3088257381.33;N/A;339510689;343551533;683062222
61.079.117/0001-05;2026-12-31;1;158198;ALPARGATAS S.A.;352307;Capital Integralizado;2025-09-10;3088257381.33;N/A;339510689;343551533;683062222
61.079.117/0001-05;2026-12-31;1;158198;ALPARGATAS S.A.;352308;Capital Autorizado;2025-09-10;3088257381.33;N/A;339510689;343551533;683062222
61.088.894/0001-08;2026-12-31;1;157909;CAMBUCI S.A.;351758;Capital Autorizado;2010-04-20;0.00;;0;0;50000000
61.088.894/0001-08;2026-12-31;1;157909;CAMBUCI S.A.;351759;Capital Integralizado;2025-04-16;249797798.35;;42275080;0;42275080
61.156.113/0001-75;2026-12-31;1;158345;IOCHPE MAXION S.A.;352660;Capital Emitido;2019-12-04;1576954290.05;N/A;153719601;0;153719601
61.156.113/0001-75;2026-12-31;1;158345;IOCHPE MAXION S.A.;352661;Capital Integralizado;2019-12-04;1576954290.05;N/A;153719601;0;153719601
61.156.113/0001-75;2026-12-31;1;158345;IOCHPE MAXION S.A.;352662;Capital Subscrito;2019-12-04;1576954290.05;N/A;153719601;0;153719601
61.156.113/0001-75;2026-12-31;1;158345;IOCHPE MAXION S.A.;352663;Capital Autorizado;2019-12-04;0.00;N/A;23143771;0;23143771
61.156.931/0001-78;2026-12-31;1;158551;ALIPERTI S.A.;353182;Capital Integralizado;1996-04-26;48964000.00;;6250;12345;18595
61.186.680/0001-74;2026-12-31;1;158207;BANCO BMG S/A;352347;Capital Emitido;2026-04-27;4006104397.92;Totalmente integralizado;414425631;233858065;648283696
61.186.680/0001-74;2026-12-31;1;158207;BANCO BMG S/A;352348;Capital Subscrito;2026-04-27;4006104397.92;Totalmente integralizado;414425631;233858065;648283696
61.186.680/0001-74;2026-12-31;1;158207;BANCO BMG S/A;352349;Capital Integralizado;2026-04-27;4006104397.92;;414425631;233858065;648283696
61.186.680/0001-74;2026-12-31;1;158207;BANCO BMG S/A;352350;Capital Autorizado;2021-03-30;0.00;;0;0;200000000
61.190.096/0001-92;2026-12-31;1;158382;EUROFARMA LABORATÓRIOS S.A.;352739;Capital Emitido;2026-04-30;1462000000.00;N/A;989212309;0;989212309
61.190.096/0001-92;2026-12-31;1;158382;EUROFARMA LABORATÓRIOS S.A.;352740;Capital Subscrito;2026-04-30;1462000000.00;N/A;989212309;0;989212309
61.190.096/0001-92;2026-12-31;1;158382;EUROFARMA LABORATÓRIOS S.A.;352741;Capital Integralizado;2026-04-30;1462000000.00;N/A;989212309;0;989212309
61.190.096/0001-92;2026-12-31;1;158382;EUROFARMA LABORATÓRIOS S.A.;352742;Capital Autorizado;2022-08-15;2320000000.00;N/A;0;0;0
61.409.892/0001-73;2026-12-31;1;157992;COMPANHIA BRASILEIRA DE ALUMÍNIO;351901;Capital Autorizado;2024-04-29;0.00;N/A;250000;0;250000
61.409.892/0001-73;2026-12-31;1;157992;COMPANHIA BRASILEIRA DE ALUMÍNIO;351902;Capital Emitido;2025-04-24;4554454052.04;N/A;651072697;0;651072697
61.409.892/0001-73;2026-12-31;1;157992;COMPANHIA BRASILEIRA DE ALUMÍNIO;351903;Capital Integralizado;2025-04-24;4554454052.04;N/A;651072697;0;651072697
61.409.892/0001-73;2026-12-31;1;157992;COMPANHIA BRASILEIRA DE ALUMÍNIO;351904;Capital Subscrito;2025-04-24;4554454052.04;N/A;651072697;0;651072697
61.486.650/0001-83;2026-12-31;1;158553;DIAGNOSTICOS DA AMERICA S.A.;353185;Capital Emitido;2025-04-30;19625346937.86;N/A;1255007048;0;1255007048
61.486.650/0001-83;2026-12-31;1;158553;DIAGNOSTICOS DA AMERICA S.A.;353186;Capital Autorizado;2024-06-18;0.00;N/A;1097792796;0;1097792796
61.486.650/0001-83;2026-12-31;1;158553;DIAGNOSTICOS DA AMERICA S.A.;353187;Capital Subscrito;2025-04-30;19625346937.86;N/A;1255007048;0;1255007048
61.486.650/0001-83;2026-12-31;1;158553;DIAGNOSTICOS DA AMERICA S.A.;353188;Capital Integralizado;2025-04-30;19625346937.86;N/A;1255007048;0;1255007048
61.532.644/0001-15;2026-12-31;1;158624;ITAÚSA S.A.;353381;Capital Autorizado;2025-04-30;0.00;;4500000000;9000000000;13500000000
61.532.644/0001-15;2026-12-31;1;158624;ITAÚSA S.A.;353382;Capital Emitido;2025-12-15;83689000000.00;;3853634012;7360052833;11213686845
61.532.644/0001-15;2026-12-31;1;158624;ITAÚSA S.A.;353383;Capital Subscrito;2025-12-15;83689000000.00;;3853634012;7360052833;11213686845
61.532.644/0001-15;2026-12-31;1;158624;ITAÚSA S.A.;353384;Capital Integralizado;2025-12-15;83689000000.00;;3853634012;7360052833;11213686845
61.584.140/0001-49;2026-12-31;1;158332;REDE ENERGIA PARTICIPAÇÕES S.A.;352628;Capital Autorizado;2020-04-28;0.00;N/A;3000000000;0;3000000000
61.584.140/0001-49;2026-12-31;1;158332;REDE ENERGIA PARTICIPAÇÕES S.A.;352629;Capital Subscrito;2025-12-19;5567568594.74;N/A;2568204239;0;2568204239
61.584.140/0001-49;2026-12-31;1;158332;REDE ENERGIA PARTICIPAÇÕES S.A.;352630;Capital Emitido;2025-12-19;5567568594.74;N/A;2568204239;0;2568204239
61.584.140/0001-49;2026-12-31;1;158332;REDE ENERGIA PARTICIPAÇÕES S.A.;352631;Capital Integralizado;2025-12-19;5567568594.74;N/A;2568204239;0;2568204239
61.695.227/0001-93;2026-12-31;1;158590;ELETROPAULO METROP. ELET. SAO PAULO S.A.;353280;Capital Emitido;2024-04-29;4532524934.33;;299075254;0;299075254
61.695.227/0001-93;2026-12-31;1;158590;ELETROPAULO METROP. ELET. SAO PAULO S.A.;353281;Capital Subscrito;2024-04-29;4532524934.33;;299075254;0;299075254
61.695.227/0001-93;2026-12-31;1;158590;ELETROPAULO METROP. ELET. SAO PAULO S.A.;353282;Capital Integralizado;2024-04-29;4532524934.33;;299075254;0;299075254
61.695.227/0001-93;2026-12-31;1;158590;ELETROPAULO METROP. ELET. SAO PAULO S.A.;353283;Capital Autorizado;2006-07-11;3248680000.00;;0;0;0
61.856.571/0001-17;2026-12-31;1;158451;CIA GAS DE SAO PAULO - COMGAS;352909;Capital Emitido;2019-07-01;536315493.02;Não Aplicável;103862768;28657819;132520587
61.856.571/0001-17;2026-12-31;1;158451;CIA GAS DE SAO PAULO - COMGAS;352910;Capital Subscrito;2019-07-01;536315493.02;Não Aplicável;103862768;28657819;132520587
61.856.571/0001-17;2026-12-31;1;158451;CIA GAS DE SAO PAULO - COMGAS;352911;Capital Integralizado;2019-07-01;536315493.02;Não Aplicável;103862768;28657819;132520587
61.856.571/0001-17;2026-12-31;1;158451;CIA GAS DE SAO PAULO - COMGAS;352912;Capital Autorizado;2019-07-01;2000500000.00;Não Aplicável;103862768;28657819;132520587
62.070.362/0001-06;2026-12-31;1;158000;COMPANHIA DO METROPOLITANO DE SÃO PAULO - METRÔ;351925;Capital Autorizado;2025-04-29;77358042453.75;;0;0;0
62.070.362/0001-06;2026-12-31;1;158000;COMPANHIA DO METROPOLITANO DE SÃO PAULO - METRÔ;351926;Capital Emitido;2025-12-31;57339085488.10;-;11307375;0;11307375
62.070.362/0001-06;2026-12-31;1;158000;COMPANHIA DO METROPOLITANO DE SÃO PAULO - METRÔ;351927;Capital Subscrito;2026-02-25;57339085488.10;-;11307375;0;11307375
62.070.362/0001-06;2026-12-31;1;158000;COMPANHIA DO METROPOLITANO DE SÃO PAULO - METRÔ;351928;Capital Integralizado;2025-12-31;57339085488.10;-;11307375;0;11307375
62.144.175/0001-20;2026-12-31;8;157372;BCO PINE S.A;351032;Capital Integralizado;2026-04-13;1269563265.77;;129856723;129843535;259700258
62.144.175/0001-20;2026-12-31;8;157372;BCO PINE S.A;351033;Capital Emitido;2026-04-13;1269563265.77;;129856723;129843535;259700258
62.144.175/0001-20;2026-12-31;8;157372;BCO PINE S.A;351034;Capital Autorizado;2024-04-04;0.00;;100000000;100000000;200000000
62.144.175/0001-20;2026-12-31;8;157372;BCO PINE S.A;351035;Capital Subscrito;2026-04-13;1269563265.77;;129856723;129843535;259700258
62.232.889/0001-90;2026-12-31;1;158381;BCO DAYCOVAL S.A.;352735;Capital Emitido;2025-12-30;6907259798.92;Totalmente Integralizado;1863693229;798725701;2662418930
62.232.889/0001-90;2026-12-31;1;158381;BCO DAYCOVAL S.A.;352736;Capital Subscrito;2025-12-30;6907259798.92;Totalmente Integralizado;1863693299;798725701;2662419000
62.232.889/0001-90;2026-12-31;1;158381;BCO DAYCOVAL S.A.;352737;Capital Integralizado;2025-12-30;6907259798.92;Totalmente Integralizado;1863693299;798725701;2662419000
62.232.889/0001-90;2026-12-31;1;158381;BCO DAYCOVAL S.A.;352738;Capital Autorizado;2020-03-05;0.00;;3000000000;3000000000;3000000000
62.307.848/0001-15;2026-12-31;1;158236;BANCO RCI BRASIL S.A.;352414;Capital Emitido;2016-01-29;985225329.78;Não se aplica;202512;201941;404453
62.307.848/0001-15;2026-12-31;1;158236;BANCO RCI BRASIL S.A.;352415;Capital Subscrito;2016-01-29;985225329.78;Não se aplica;202512;201941;404453
62.307.848/0001-15;2026-12-31;1;158236;BANCO RCI BRASIL S.A.;352416;Capital Integralizado;2016-01-29;985225329.78;;202512;201941;404453
62.984.091/0001-02;2026-12-31;1;158467;CRUZEIRO DO SUL EDUCACIONAL S.A.;352964;Capital Emitido;2024-04-30;1264189728.70;N/A;364542552;0;364542552
62.984.091/0001-02;2026-12-31;1;158467;CRUZEIRO DO SUL EDUCACIONAL S.A.;352965;Capital Subscrito;2024-04-30;1264189728.70;N/A;364542552;0;364542552
62.984.091/0001-02;2026-12-31;1;158467;CRUZEIRO DO SUL EDUCACIONAL S.A.;352966;Capital Integralizado;2024-04-30;1264189728.70;N/A;364542552;0;364542552
62.984.091/0001-02;2026-12-31;1;158467;CRUZEIRO DO SUL EDUCACIONAL S.A.;352967;Capital Autorizado;2021-01-11;1800000000.00;N/A;0;0;0
64.904.295/0001-03;2026-02-28;3;158466;CAMIL ALIMENTOS S.A.;352960;Capital Emitido;2023-06-30;950373789.63;;350000000;0;350000000
64.904.295/0001-03;2026-02-28;3;158466;CAMIL ALIMENTOS S.A.;352961;Capital Subscrito;2023-06-30;950373789.63;;350000000;0;350000000
64.904.295/0001-03;2026-02-28;3;158466;CAMIL ALIMENTOS S.A.;352962;Capital Integralizado;2023-06-30;950373789.63;;350000000;0;350000000
64.904.295/0001-03;2026-02-28;3;158466;CAMIL ALIMENTOS S.A.;352963;Capital Autorizado;2017-07-21;2500000000.00;;0;0;0
65.654.303/0001-73;2026-12-31;1;158039;DIBENS LEASING S.A. - ARREND.MERCANTIL;351970;Capital Emitido;2022-03-31;537462812.02;n/a;2215856221;0;2215856221
65.654.303/0001-73;2026-12-31;1;158039;DIBENS LEASING S.A. - ARREND.MERCANTIL;351971;Capital Subscrito;2022-03-31;537462812.02;n/a;2215856221;0;2215856221
65.654.303/0001-73;2026-12-31;1;158039;DIBENS LEASING S.A. - ARREND.MERCANTIL;351972;Capital Integralizado;2022-03-31;537462812.02;n/a;2215856221;0;2215856221
67.010.660/0001-24;2026-12-31;1;158434;RNI NEGÓCIOS IMOBILIÁRIOS S.A.;352870;Capital Emitido;2026-03-04;521440906.00;;45116790;0;45116790
67.620.377/0001-14;2026-12-31;1;158319;MINERVA S.A.;352586;Capital Emitido;2026-05-19;3134588922.61;;1000540413;0;1000540413
67.620.377/0001-14;2026-12-31;1;158319;MINERVA S.A.;352587;Capital Subscrito;2026-05-19;3134588922.61;;1000540413;0;1000540413
67.620.377/0001-14;2026-12-31;1;158319;MINERVA S.A.;352588;Capital Integralizado;2026-05-19;3134588922.61;;1000540413;0;1000540413
67.620.377/0001-14;2026-12-31;1;158319;MINERVA S.A.;352589;Capital Autorizado;2025-04-29;0.00;;1291000000;0;1291000000
71.476.527/0001-35;2026-12-31;1;158316;CONSTRUTORA TENDA S.A.;352578;Capital Autorizado;2016-11-14;0.00;;80000000;0;80000000
71.476.527/0001-35;2026-12-31;1;158316;CONSTRUTORA TENDA S.A.;352579;Capital Emitido;2023-11-27;910728801.38;N/A;122578152;0;122578152
71.476.527/0001-35;2026-12-31;1;158316;CONSTRUTORA TENDA S.A.;352580;Capital Integralizado;2023-11-27;910728801.38;N/A;122578152;0;122578152
71.476.527/0001-35;2026-12-31;1;158316;CONSTRUTORA TENDA S.A.;352581;Capital Subscrito;2023-11-27;910728801.38;N/A;122578152;0;122578152
71.673.990/0001-77;2026-12-31;1;158218;NATURA COSMÉTICOS S.A.;352376;Capital Emitido;2025-07-01;6000000000.00;Totalmente integralizado;1374557657;0;1374557657
71.673.990/0001-77;2026-12-31;1;158218;NATURA COSMÉTICOS S.A.;352377;Capital Subscrito;2025-07-01;6000000000.00;;1374557657;0;1374557657
71.673.990/0001-77;2026-12-31;1;158218;NATURA COSMÉTICOS S.A.;352378;Capital Integralizado;2025-07-01;6000000000.00;;1374557657;0;1374557657
71.673.990/0001-77;2026-12-31;1;158218;NATURA COSMÉTICOS S.A.;352379;Capital Autorizado;2025-03-25;0.00;;2000000000;0;2000000000
73.903.718/0001-61;2026-12-31;1;157895;SNB PARTICIPACOES SA;351733;Capital Autorizado;2001-04-06;12810180.71;;2907487660;0;2907487660
76.484.013/0001-45;2026-12-31;1;158217;CIA SANEAMENTO DO PARANA - SANEPAR;352373;Capital Integralizado;2023-04-28;6000000000.00;;503735259;1007470260;1511205519
76.484.013/0001-45;2026-12-31;1;158217;CIA SANEAMENTO DO PARANA - SANEPAR;352374;Capital Autorizado;2024-04-29;10000000000.00;;503735259;1007470260;1511205519
76.484.013/0001-45;2026-12-31;1;158217;CIA SANEAMENTO DO PARANA - SANEPAR;352375;Capital Subscrito;2023-04-28;6000000000.00;;503735259;1007470260;1511205519
76.627.504/0001-06;2026-12-31;1;158269;INEPAR S.A. INDUSTRIA E CONSTRUCOES EM RECUPERACAO JUDICIAL;352482;Capital Autorizado;2026-04-06;96389381.00;;5447921;0;5447921
76.627.504/0001-06;2026-12-31;1;158269;INEPAR S.A. INDUSTRIA E CONSTRUCOES EM RECUPERACAO JUDICIAL;352483;Capital Emitido;2026-04-06;672561634.81;;41772224;12627232;54399456
76.627.504/0001-06;2026-12-31;1;158269;INEPAR S.A. INDUSTRIA E CONSTRUCOES EM RECUPERACAO JUDICIAL;352484;Capital Integralizado;2026-04-06;672561634.81;;41772224;12627232;54399456
76.627.504/0001-06;2026-12-31;1;158269;INEPAR S.A. INDUSTRIA E CONSTRUCOES EM RECUPERACAO JUDICIAL;352485;Capital Subscrito;2026-04-06;672561634.81;;41772224;12627232;54399456
79.430.682/0001-22;2026-12-31;1;158604;FARMÁCIA E DROGARIA NISSEI S.A.;353317;Capital Autorizado;2020-08-24;0.00;N/A;250000000;0;250000000
79.430.682/0001-22;2026-12-31;1;158604;FARMÁCIA E DROGARIA NISSEI S.A.;353318;Capital Integralizado;2025-04-30;350547890.00;N/A;200000000;0;200000000
79.430.682/0001-22;2026-12-31;1;158604;FARMÁCIA E DROGARIA NISSEI S.A.;353319;Capital Emitido;2025-04-30;350547890.00;N/A;200000000;0;200000000
79.430.682/0001-22;2026-12-31;1;158604;FARMÁCIA E DROGARIA NISSEI S.A.;353320;Capital Subscrito;2025-04-30;350547890.37;N/A;200000000;0;200000000
82.120.676/0001-83;2026-12-31;2;158477;ALMEIDA JUNIOR SHOPPING CENTERS S.A.;352998;Capital Emitido;2025-12-18;2123956376.00;Totalmente integralizado;179338983;0;179338983
82.120.676/0001-83;2026-12-31;2;158477;ALMEIDA JUNIOR SHOPPING CENTERS S.A.;352999;Capital Subscrito;2025-12-18;2123956376.00;Totalmente integralizado;179338983;0;179338983
82.120.676/0001-83;2026-12-31;2;158477;ALMEIDA JUNIOR SHOPPING CENTERS S.A.;353000;Capital Integralizado;2025-12-18;2123956376.00;;179338983;0;179338983
82.120.676/0001-83;2026-12-31;2;158477;ALMEIDA JUNIOR SHOPPING CENTERS S.A.;353001;Capital Autorizado;2020-02-14;0.00;;250000000;0;250000000
82.508.433/0001-17;2026-12-31;1;157777;CIA CATARINENSE DE AGUAS E SANEAM.-CASAN;351451;Capital Autorizado;2021-01-19;884947321.37;;1000000000;1000000000;2000000000
82.508.433/0001-17;2026-12-31;1;157777;CIA CATARINENSE DE AGUAS E SANEAM.-CASAN;351452;Capital Integralizado;2025-10-21;1407315280.89;;592975802;601851675;1194827477
82.640.558/0001-04;2026-12-31;1;158026;KARSTEN S.A.;351944;Capital Integralizado;2014-12-05;100023987.40;;2878404;3326971;6205375
82.643.537/0001-34;2026-12-31;1;158062;ELECTRO ACO ALTONA S.A.;352003;Capital Integralizado;2026-04-29;212084080.00;;9750000;12750000;22500000
82.901.000/0001-27;2026-12-31;1;158315;INTELBRAS S.A. IND. DE TELECOMUNICAÇÃO ELETRÔNICA BRASILEIRA;352574;Capital Emitido;2025-04-29;2000000000.00;;327611110;0;327611110
82.901.000/0001-27;2026-12-31;1;158315;INTELBRAS S.A. IND. DE TELECOMUNICAÇÃO ELETRÔNICA BRASILEIRA;352575;Capital Subscrito;2025-04-29;2000000000.00;;327611110;0;327611110
82.901.000/0001-27;2026-12-31;1;158315;INTELBRAS S.A. IND. DE TELECOMUNICAÇÃO ELETRÔNICA BRASILEIRA;352576;Capital Integralizado;2025-04-29;2000000000.00;;327611110;0;327611110
82.901.000/0001-27;2026-12-31;1;158315;INTELBRAS S.A. IND. DE TELECOMUNICAÇÃO ELETRÔNICA BRASILEIRA;352577;Capital Autorizado;2023-04-18;3000000000.00;;0;0;0
82.981.929/0001-03;2026-12-31;2;158069;CIA INDUSTRIAL SCHLOSSER S.A.;352022;Capital Integralizado;2006-04-26;20388939.29;;480000;480000;960000
82.982.075/0001-80;2026-12-31;1;157549;TEXTIL RENAUXVIEW S.A.;351152;Capital Autorizado;2009-09-30;80000000.00;;0;0;0
82.982.075/0001-80;2026-12-31;1;157549;TEXTIL RENAUXVIEW S.A.;351153;Capital Integralizado;2009-03-30;8186220.16;;1456603;2802677;4259280
83.475.913/0001-91;2026-12-31;1;158646;PBG S/A;353420;Capital Emitido;2022-03-16;250000000.00;;140986886;0;140986886
83.475.913/0001-91;2026-12-31;1;158646;PBG S/A;353421;Capital Subscrito;2022-03-16;250000000.00;;140986886;0;140986886
83.475.913/0001-91;2026-12-31;1;158646;PBG S/A;353422;Capital Integralizado;2022-03-16;250000000.00;;140986886;0;140986886
83.475.913/0001-91;2026-12-31;1;158646;PBG S/A;353423;Capital Emitido;2021-04-27;250000000.00;;154529361;0;154529361
83.475.913/0001-91;2026-12-31;1;158646;PBG S/A;353424;Capital Emitido;2021-04-27;250000000.00;;154529361;0;154529361
83.475.913/0001-91;2026-12-31;1;158646;PBG S/A;353425;Capital Subscrito;2021-04-27;250000000.00;;154529361;0;154529361
83.475.913/0001-91;2026-12-31;1;158646;PBG S/A;353426;Capital Integralizado;2021-04-27;250000000.00;;154529361;0;154529361
83.475.913/0001-91;2026-12-31;1;158646;PBG S/A;353427;Capital Autorizado;2018-04-30;1000000000.00;;1000000000;0;1000000000
83.878.892/0001-55;2026-12-31;1;158426;CENTRAIS ELET DE SANTA CATARINA S.A.;352852;Capital Emitido;2026-04-30;2600000000.00;;15527137;23044454;38571591
83.878.892/0001-55;2026-12-31;1;158426;CENTRAIS ELET DE SANTA CATARINA S.A.;352853;Capital Subscrito;2026-04-30;2600000000.00;;15527137;23044454;38571591
83.878.892/0001-55;2026-12-31;1;158426;CENTRAIS ELET DE SANTA CATARINA S.A.;352854;Capital Integralizado;2026-04-30;2600000000.00;;15527137;23044454;38571591
83.878.892/0001-55;2026-12-31;1;158426;CENTRAIS ELET DE SANTA CATARINA S.A.;352855;Capital Autorizado;2021-04-29;2600000000.00;;15527137;23044454;38571591
84.429.695/0001-11;2026-12-31;1;158403;WEG S.A.;352801;Capital Subscrito;2026-04-23;12504516508.00;;4197317998;0;4197317998
84.429.695/0001-11;2026-12-31;1;158403;WEG S.A.;352802;Capital Integralizado;2026-04-23;12504516508.00;;4197317998;0;4197317998
84.429.695/0001-11;2026-12-31;1;158403;WEG S.A.;352803;Capital Emitido;2026-04-23;12504516508.00;;4197317998;0;4197317998
84.683.374/0001-49;2026-12-31;1;158383;TUPY S.A.;352743;Capital Subscrito;2025-07-14;1433653000.00;Não há;132450415;0;132450415
84.683.374/0001-49;2026-12-31;1;158383;TUPY S.A.;352744;Capital Integralizado;2025-07-14;1433653000.00;;132450415;0;132450415
84.683.374/0001-49;2026-12-31;1;158383;TUPY S.A.;352745;Capital Autorizado;2013-02-08;1200000000.00;;0;0;0
84.683.408/0001-03;2026-12-31;1;158234;DOHLER S.A.;352409;Capital Integralizado;2023-04-28;320000000.00;;54467820;21177465;75645285
84.683.671/0001-94;2026-12-31;1;158328;WETZEL S.A.;352615;Capital Integralizado;1988-12-30;47147375.02;;686001;1372002;2058003
84.683.671/0001-94;2026-12-31;1;158328;WETZEL S.A.;352616;Capital Autorizado;2013-04-25;47147375.02;;686001;1372002;2058003
84.684.455/0001-63;2026-12-31;1;158457;TIGRE S.A. PARTICIPAÇÕES;352930;Capital Emitido;2023-07-31;956065567.74;31/12/2025;15150731;87539;15238270
84.684.455/0001-63;2026-12-31;1;158457;TIGRE S.A. PARTICIPAÇÕES;352931;Capital Subscrito;2023-07-31;956065567.74;31/12/2025;15150731;87539;15238270
84.684.455/0001-63;2026-12-31;1;158457;TIGRE S.A. PARTICIPAÇÕES;352932;Capital Integralizado;2023-07-31;956065567.74;N/A;15150731;87539;15238270
84.693.183/0001-68;2026-12-31;1;158108;SCHULZ S.A.;352102;Capital Integralizado;2025-12-26;1300000000.00;;152692764;204682016;357374780
85.778.074/0001-06;2026-12-31;1;158354;METALURGICA RIOSULENSE S.A.;352682;Capital Integralizado;2026-04-30;99109324.20;;3576903;2495225;6072128
86.375.425/0001-09;2026-12-31;1;158301;METISA METALURGICA TIMBOENSE S.A.;352555;Capital Integralizado;2022-04-27;300000000.00;;4212530;4577200;8789730
86.375.425/0001-09;2026-12-31;1;158301;METISA METALURGICA TIMBOENSE S.A.;352556;Capital Integralizado;2019-04-25;150000000.00;;4212530;4924733;9137263
86.375.425/0001-09;2026-12-31;1;158301;METISA METALURGICA TIMBOENSE S.A.;352557;Capital Integralizado;2015-04-28;100000000.00;;4212530;4924733;9137263
86.375.425/0001-09;2026-12-31;1;158301;METISA METALURGICA TIMBOENSE S.A.;352558;Capital Integralizado;2010-04-20;100000000.00;;4212530;5551953;9764483
87.043.832/0001-73;2026-12-31;1;158215;SEIVA S.A. - FLORESTAS E INDÚSTRIAS;352369;Capital Emitido;2023-04-25;194593589.71;Não há;8573186;10491038;19064224
87.043.832/0001-73;2026-12-31;1;158215;SEIVA S.A. - FLORESTAS E INDÚSTRIAS;352370;Capital Subscrito;2023-04-25;194593589.71;Não há;8573186;10491038;19064224
87.043.832/0001-73;2026-12-31;1;158215;SEIVA S.A. - FLORESTAS E INDÚSTRIAS;352371;Capital Integralizado;2023-04-25;194593589.71;Não há;8573186;10491038;19064224
87.043.832/0001-73;2026-12-31;1;158215;SEIVA S.A. - FLORESTAS E INDÚSTRIAS;352372;Capital Autorizado;1989-04-28;184000000.00;Não há;48000000;240000000;288000000
87.456.562/0001-22;2026-12-31;1;158337;JOSAPAR-JOAQUIM OLIVEIRA S.A. - PARTICIP;352644;Capital Autorizado;2025-12-31;120000000.00;;10450993;131368;10582361
87.762.563/0001-03;2026-12-31;1;158392;CIA HABITASUL DE PARTICIPACOES;352770;Capital Emitido;2026-04-24;307181809.47;;3152764;5980923;9133687
87.870.952/0001-44;2026-12-31;1;158393;BORRACHAS VIPAL S.A.;352771;Capital Emitido;2024-10-07;470000000.00;;234207;0;234207
87.870.952/0001-44;2026-12-31;1;158393;BORRACHAS VIPAL S.A.;352772;Capital Subscrito;2024-10-07;470000000.00;;234207;0;234207
87.870.952/0001-44;2026-12-31;1;158393;BORRACHAS VIPAL S.A.;352773;Capital Integralizado;2024-10-07;470000000.00;;234207;0;234207
87.870.952/0001-44;2026-12-31;1;158393;BORRACHAS VIPAL S.A.;352774;Capital Autorizado;2022-03-24;0.00;;33169;0;33169
88.610.126/0001-29;2026-12-31;1;158185;FRASLE MOBILITY S.A.;352282;Capital Emitido;2025-12-31;1800000000.00;;280335091;0;280335091
88.610.126/0001-29;2026-12-31;1;158185;FRASLE MOBILITY S.A.;352283;Capital Subscrito;2025-12-31;1800000000.00;;280335091;0;280335091
88.610.126/0001-29;2026-12-31;1;158185;FRASLE MOBILITY S.A.;352284;Capital Integralizado;2025-12-31;1800000000.00;;280335091;0;280335091
88.610.126/0001-29;2026-12-31;1;158185;FRASLE MOBILITY S.A.;352285;Capital Autorizado;2025-07-10;0.00;;219664909;0;219664909
88.610.191/0001-54;2026-12-31;1;158421;MUNDIAL S.A. - PRODUTOS DE CONSUMO;352839;Capital Integralizado;2013-03-22;43794105.18;;9921040;0;9921040
88.611.835/0001-29;2026-12-31;1;158173;MARCOPOLO S.A.;352266;Capital Subscrito;2019-02-25;2334052461.60;;409950893;726320565;1136271458
88.611.835/0001-29;2026-12-31;1;158173;MARCOPOLO S.A.;352267;Capital Integralizado;2024-02-22;2334052461.60;;409950893;726320565;1136271458
88.611.835/0001-29;2026-12-31;1;158173;MARCOPOLO S.A.;352268;Capital Autorizado;2025-12-19;705749387.02;;40995089;72632056;113627145
88.611.835/0001-29;2026-12-31;1;158173;MARCOPOLO S.A.;352269;Capital Emitido;2024-02-22;2334052461.60;;409950893;726320565;1136271458
88.613.658/0001-10;2026-06-30;3;158583;PETTENATI S.A. INDUSTRIA TEXTIL;353260;Capital Integralizado;2025-10-28;116000000.00;;16016924;32029564;48046488
89.086.144/0001-16;2026-12-31;1;158385;RANDONCORP S.A.;352750;Capital Emitido;2025-09-12;2153693586.03;;125841938;223882733;349724671
89.086.144/0001-16;2026-12-31;1;158385;RANDONCORP S.A.;352751;Capital Subscrito;2025-09-12;2153693586.03;;125841938;223882733;349724671
89.086.144/0001-16;2026-12-31;1;158385;RANDONCORP S.A.;352752;Capital Integralizado;2025-09-12;2153693586.03;;125841938;223882733;349724671
89.086.144/0001-16;2026-12-31;1;158385;RANDONCORP S.A.;352753;Capital Autorizado;2016-06-29;0.00;;200000000;400000000;600000000
89.096.457/0001-55;2026-12-31;1;158293;SLC AGRICOLA S.A.;352542;Capital Autorizado;2025-12-30;0.00;;506545930;0;506545930
89.096.457/0001-55;2026-12-31;1;158293;SLC AGRICOLA S.A.;352543;Capital Emitido;2025-12-30;2926680320.30;;498745930;0;498745930
89.096.457/0001-55;2026-12-31;1;158293;SLC AGRICOLA S.A.;352544;Capital Integralizado;2025-12-30;2926680320.30;;498745930;0;498745930
89.096.457/0001-55;2026-12-31;1;158293;SLC AGRICOLA S.A.;352545;Capital Subscrito;2025-12-30;2926680320.30;;498745930;0;498745930
89.637.490/0001-45;2026-12-31;8;157927;KLABIN S.A.;351793;Capital Emitido;2025-12-08;6875624836.00;Totalmente integralizado;2312800469;3928678381;6241478850
89.637.490/0001-45;2026-12-31;8;157927;KLABIN S.A.;351794;Capital Subscrito;2025-12-08;6875625836.00;;2312800469;3928678381;6241478850
89.637.490/0001-45;2026-12-31;8;157927;KLABIN S.A.;351795;Capital Integralizado;2025-12-08;6875624836.00;;2312800469;3928678381;6241478850
89.637.490/0001-45;2026-12-31;8;157927;KLABIN S.A.;351796;Capital Autorizado;2021-03-24;0.00;;3200000000;3200000000;6400000000
89.850.341/0001-60;2026-12-31;1;158174;GRENDENE S.A.;352270;Capital Integralizado;2025-12-24;2882488291.17;;902160000;0;902160000
89.850.341/0001-60;2026-12-31;1;158174;GRENDENE S.A.;352271;Capital Autorizado;2024-04-22;0.00;;900000000;0;900000000
90.400.888/0001-42;2026-12-31;1;158127;BCO SANTANDER (BRASIL) S.A.;352162;Capital Emitido;2017-09-18;57000000000.00;;3818695031;3679836020;7498531051
90.400.888/0001-42;2026-12-31;1;158127;BCO SANTANDER (BRASIL) S.A.;352163;Capital Subscrito;2017-09-18;57000000000.00;;3818695031;3679836020;7498531051
90.400.888/0001-42;2026-12-31;1;158127;BCO SANTANDER (BRASIL) S.A.;352164;Capital Emitido;2015-12-14;57000000000.00;;3850970714;3712111703;7563082417
90.400.888/0001-42;2026-12-31;1;158127;BCO SANTANDER (BRASIL) S.A.;352165;Capital Subscrito;2015-12-14;57000000000.00;;3850970714;3712111703;7563082417
90.400.888/0001-42;2026-12-31;1;158127;BCO SANTANDER (BRASIL) S.A.;352166;Capital Autorizado;2015-04-30;0.00;;4545454545;4545454545;9090909090
90.400.888/0001-42;2026-12-31;1;158127;BCO SANTANDER (BRASIL) S.A.;352167;Capital Integralizado;2024-04-26;65000000000.00;;3818695031;3679836020;7498531051
90.441.460/0001-48;2026-12-31;1;158333;UNICASA INDÚSTRIA DE MÓVEIS S.A.;352632;Capital Emitido;2019-12-03;147000000.00;;66086364;0;66086364
90.441.460/0001-48;2026-12-31;1;158333;UNICASA INDÚSTRIA DE MÓVEIS S.A.;352633;Capital Subscrito;2019-12-03;147000000.00;;66086364;0;66086364
90.441.460/0001-48;2026-12-31;1;158333;UNICASA INDÚSTRIA DE MÓVEIS S.A.;352634;Capital Integralizado;2019-12-03;147000000.00;;66086364;0;66086364
90.441.460/0001-48;2026-12-31;1;158333;UNICASA INDÚSTRIA DE MÓVEIS S.A.;352635;Capital Autorizado;2012-02-27;500000000.00;;0;0;0
91.333.666/0001-17;2026-12-31;1;158636;RECRUSUL S.A.;353409;Capital Subscrito;2026-03-02;350000000.00;;42655504;84633672;127289176
91.333.666/0001-17;2026-12-31;1;158636;RECRUSUL S.A.;353410;Capital Integralizado;2026-03-02;288823192.96;;42655504;67594736;110250240
91.333.666/0001-17;2026-12-31;1;158636;RECRUSUL S.A.;353411;Capital Autorizado;2026-03-02;350000000.00;;0;0;0
91.333.666/0001-17;2026-12-31;1;158636;RECRUSUL S.A.;353412;Capital Emitido;2026-03-02;350000000.00;;42655504;84633672;127289176
91.983.056/0001-69;2026-12-31;1;158246;KEPLER WEBER S.A.;352435;Capital Emitido;2026-04-23;401229714.73;;179720130;0;179720130
91.983.056/0001-69;2026-12-31;1;158246;KEPLER WEBER S.A.;352436;Capital Subscrito;2026-04-23;401229714.73;;179720130;0;179720130
91.983.056/0001-69;2026-12-31;1;158246;KEPLER WEBER S.A.;352437;Capital Autorizado;2024-04-11;1800000000.00;;0;0;0
91.983.056/0001-69;2026-12-31;1;158246;KEPLER WEBER S.A.;352438;Capital Integralizado;2026-04-23;401229714.73;;179720130;0;179720130
92.012.467/0001-70;2026-12-31;1;158476;GRAZZIOTIN S.A.;352994;Capital Integralizado;2026-05-13;672048114.68;13/05/2026;9937666;13679262;23616928
92.012.467/0001-70;2026-12-31;1;158476;GRAZZIOTIN S.A.;352995;Capital Autorizado;2008-09-24;0.00;;10311321;14629853;24941174
92.012.467/0001-70;2026-12-31;1;158476;GRAZZIOTIN S.A.;352996;Capital Emitido;2026-05-13;672048114.68;13/05/2026;9937666;13679262;23616928
92.012.467/0001-70;2026-12-31;1;158476;GRAZZIOTIN S.A.;352997;Capital Subscrito;2026-05-13;672048114.68;13/05/2026;9937666;13679262;23616928
92.660.570/0001-26;2026-12-31;1;158096;TREVISA INVESTIMENTOS S.A.;352069;Capital Integralizado;2025-04-29;90000000.00;;18384000;23184000;41568000
92.690.783/0001-09;2026-12-31;1;158214;METALURGICA GERDAU S.A.;352365;Capital Autorizado;2019-08-23;8248211765.01;Não há.;500000000;1000000000;1500000000
92.690.783/0001-09;2026-12-31;1;158214;METALURGICA GERDAU S.A.;352366;Capital Integralizado;2025-12-15;10997340746.29;Não há;486802764;838105184;1324907948
92.690.783/0001-09;2026-12-31;1;158214;METALURGICA GERDAU S.A.;352367;Capital Emitido;2025-12-15;10997340746.29;Não há.;486802764;838105184;1324907948
92.690.783/0001-09;2026-12-31;1;158214;METALURGICA GERDAU S.A.;352368;Capital Subscrito;2025-12-15;10997340746.29;Não há.;486802764;838105184;1324907948
92.693.019/0001-89;2026-12-31;1;158208;PANATLANTICA S.A.;352351;Capital Integralizado;2021-08-03;450000000.00;;22907083;1025286;23932369
92.693.019/0001-89;2026-12-31;1;158208;PANATLANTICA S.A.;352352;Capital Integralizado;2019-11-25;262600000.00;;17487075;782695;18269770
92.702.067/0001-96;2026-12-31;1;158022;BANCO DO ESTADO DO RIO GRANDE DO SUL SA;351940;Capital Integralizado;2026-04-28;8700000000.00;;205064841;203909636;408974477
92.715.812/0001-31;2026-12-31;1;158048;CPFL TRANSMISSÃO S.A.;351996;Capital Emitido;2025-12-05;2707069819.11;;12959953;9071967;22031920
92.715.812/0001-31;2026-12-31;1;158048;CPFL TRANSMISSÃO S.A.;351997;Capital Subscrito;2025-12-05;2707069819.11;;12959953;9071967;22031920
92.715.812/0001-31;2026-12-31;1;158048;CPFL TRANSMISSÃO S.A.;351998;Capital Integralizado;2025-12-05;2707069819.11;;12959953;9071967;22031920
92.749.225/0001-63;2026-12-31;1;158417;HERCULES S.A. FABRICA DE TALHERES;352834;Capital Subscrito;1998-07-29;15300000.00;;171198;338801;509999
92.754.738/0001-62;2026-12-31;1;158494;LOJAS RENNER S.A.;353045;Capital Emitido;2025-12-08;9544826616.68;;1006845095;0;1006845095
92.754.738/0001-62;2026-12-31;1;158494;LOJAS RENNER S.A.;353046;Capital Subscrito;2025-12-08;9544826616.68;;1006845095;0;1006845095
92.754.738/0001-62;2026-12-31;1;158494;LOJAS RENNER S.A.;353047;Capital Integralizado;2025-12-08;9544826616.68;;1006845095;0;1006845095
92.754.738/0001-62;2026-12-31;1;158494;LOJAS RENNER S.A.;353048;Capital Autorizado;2024-12-11;0.00;;1647112500;0;1647112500
92.781.335/0001-02;2026-12-31;1;158204;TAURUS ARMAS S.A.;352335;Capital Integralizado;2025-04-29;548100952.53;;51089845;88208032;139297877
92.781.335/0001-02;2026-12-31;1;158204;TAURUS ARMAS S.A.;352336;Capital Emitido;2025-04-29;548100952.53;;51089845;88208032;139297877
92.781.335/0001-02;2026-12-31;1;158204;TAURUS ARMAS S.A.;352337;Capital Subscrito;2025-04-29;548100952.53;;51089845;88208032;139297877
92.781.335/0001-02;2026-12-31;1;158204;TAURUS ARMAS S.A.;352338;Capital Autorizado;2022-04-19;0.00;;52612740;119197139;171809879
92.791.243/0001-03;2026-12-31;1;158287;IRANI PAPEL E EMBALAGEM S.A.;352529;Capital Emitido;2026-04-24;676894847.81;Totalmente integralizado;230501219;0;230501219
92.791.243/0001-03;2026-12-31;1;158287;IRANI PAPEL E EMBALAGEM S.A.;352530;Capital Subscrito;2026-04-24;676894847.81;;230501219;0;230501219
92.791.243/0001-03;2026-12-31;1;158287;IRANI PAPEL E EMBALAGEM S.A.;352531;Capital Integralizado;2026-04-24;676894847.81;;230501219;0;230501219
92.791.243/0001-03;2026-12-31;1;158287;IRANI PAPEL E EMBALAGEM S.A.;352532;Capital Autorizado;2012-04-19;0.00;;900000000;0;900000000
92.802.784/0001-90;2026-12-31;1;158611;CIA RIOGRANDENSE DE SANEAMENTO;353336;Capital Emitido;2022-06-17;1878540011.03;;4786604;82393289;87179893
92.802.784/0001-90;2026-12-31;1;158611;CIA RIOGRANDENSE DE SANEAMENTO;353337;Capital Subscrito;2022-06-17;1878540011.03;;4786604;82393289;87179893
92.802.784/0001-90;2026-12-31;1;158611;CIA RIOGRANDENSE DE SANEAMENTO;353338;Capital Integralizado;2022-06-17;1878540011.03;;4786604;82393289;87179893
93.828.986/0001-73;2026-12-31;1;157956;CEMEPE INVESTIMENTOS S.A.;351848;Capital Emitido;2015-11-16;23550366.68;;454455;464440;918895
93.828.986/0001-73;2026-12-31;1;157956;CEMEPE INVESTIMENTOS S.A.;351849;Capital Subscrito;2015-11-16;23550366.68;;454455;464440;918895
93.828.986/0001-73;2026-12-31;1;157956;CEMEPE INVESTIMENTOS S.A.;351850;Capital Integralizado;2015-11-16;23550366.68;;454455;464440;918895
93.828.986/0001-73;2026-12-31;1;157956;CEMEPE INVESTIMENTOS S.A.;351851;Capital Autorizado;2015-11-16;0.00;;11000000;11000000;22000000
94.813.102/0001-70;2026-12-31;1;158305;TRÊS TENTOS AGROINDUSTRIAL S/A;352559;Capital Emitido;2026-03-26;3481513444.58;Totalmente integralizado;500737647;0;500737647
94.813.102/0001-70;2026-12-31;1;158305;TRÊS TENTOS AGROINDUSTRIAL S/A;352560;Capital Subscrito;2026-03-26;3481513444.58;Totalmente integralizado;500737647;0;500737647
94.813.102/0001-70;2026-12-31;1;158305;TRÊS TENTOS AGROINDUSTRIAL S/A;352561;Capital Integralizado;2026-03-26;3481513444.58;Totalmente integralizado;500737647;0;500737647
94.813.102/0001-70;2026-12-31;1;158305;TRÊS TENTOS AGROINDUSTRIAL S/A;352562;Capital Autorizado;2021-02-19;5000000000.00;;0;0;0
95.426.862/0001-97;2026-12-31;1;158028;EXCELSIOR ALIMENTOS S.A.;351949;Capital Subscrito;2026-04-24;77315832.55;N/A;2846929;2375293;5222222
95.426.862/0001-97;2026-12-31;1;158028;EXCELSIOR ALIMENTOS S.A.;351950;Capital Emitido;2026-04-24;77315832.55;N/A;2846929;2375293;5222222
95.426.862/0001-97;2026-12-31;1;158028;EXCELSIOR ALIMENTOS S.A.;351951;Capital Integralizado;2026-04-24;77315832.55;N/A;2846929;2375293;5222222
95.426.862/0001-97;2026-12-31;1;158028;EXCELSIOR ALIMENTOS S.A.;351952;Capital Autorizado;2021-08-26;0.00;N/A;600000;0;600000
96.298.013/0001-68;2026-12-31;1;158492;PACAEMBU CONSTRUTORA S.A.;353041;Capital Subscrito;2025-12-18;754022242.96;Já subscrito e integralizado;130353845;57641217;187995062
96.298.013/0001-68;2026-12-31;1;158492;PACAEMBU CONSTRUTORA S.A.;353042;Capital Autorizado;2020-02-13;0.00;;792004938;0;792004938
96.298.013/0001-68;2026-12-31;1;158492;PACAEMBU CONSTRUTORA S.A.;353043;Capital Emitido;2025-12-18;754022242.96;Já subscrito e integralizado;130353845;57641217;187995062
96.298.013/0001-68;2026-12-31;1;158492;PACAEMBU CONSTRUTORA S.A.;353044;Capital Integralizado;2025-12-18;754022242.96;Já subscrito e integralizado;130353845;57641217;187995062
97.837.181/0001-47;2026-12-31;1;158597;DEXCO S.A.;353301;Capital Emitido;2025-12-18;4370188626.80;;919034196;0;919034196
97.837.181/0001-47;2026-12-31;1;158597;DEXCO S.A.;353302;Capital Subscrito;2025-12-18;4370188626.80;;919034196;0;919034196
97.837.181/0001-47;2026-12-31;1;158597;DEXCO S.A.;353303;Capital Integralizado;2025-12-18;4370188626.80;;919034196;0;919034196
97.837.181/0001-47;2026-12-31;1;158597;DEXCO S.A.;353304;Capital Autorizado;2009-08-31;0.00;;920000000;0;920000000
